date,txn_volume,txn_shares,symbol
2011-09-13,0.0,0,BTCUSD
2011-09-14,0.0,0,BTCUSD
2011-09-15,0.0,0,BTCUSD
2011-09-16,0.0,0,BTCUSD
2011-09-17,0.0,0,BTCUSD
2011-09-18,0.0,0,BTCUSD
2011-09-19,0.0,0,BTCUSD
2011-09-20,0.0,0,BTCUSD
2011-09-21,0.0,0,BTCUSD
2011-09-22,0.0,0,BTCUSD
2011-09-23,0.0,0,BTCUSD
2011-09-24,0.0,0,BTCUSD
2011-09-25,0.0,0,BTCUSD
2011-09-26,0.0,0,BTCUSD
2011-09-27,0.0,0,BTCUSD
2011-09-28,0.0,0,BTCUSD
2011-09-29,0.0,0,BTCUSD
2011-09-30,14.564999999999998,3,BTCUSD
2011-10-01,14.564999999999998,3,BTCUSD
2011-10-02,14.564999999999998,3,BTCUSD
2011-10-03,14.564999999999998,3,BTCUSD
2011-10-04,68.11,14,BTCUSD
2011-10-05,54.175,11,BTCUSD
2011-10-06,83.045,17,BTCUSD
2011-10-07,43.236,9,BTCUSD
2011-10-08,22.85,5,BTCUSD
2011-10-09,0.0,0,BTCUSD
2011-10-10,51.922000000000004,13,BTCUSD
2011-10-11,27.881,7,BTCUSD
2011-10-12,27.671000000000003,7,BTCUSD
2011-10-13,39.330000000000005,10,BTCUSD
2011-10-14,0.0,0,BTCUSD
2011-10-15,0.0,0,BTCUSD
2011-10-16,0.0,0,BTCUSD
2011-10-17,0.0,0,BTCUSD
2011-10-18,13.332,6,BTCUSD
2011-10-19,13.332,6,BTCUSD
2011-10-20,13.332,6,BTCUSD
2011-10-21,8.888,4,BTCUSD
2011-10-22,17.94,6,BTCUSD
2011-10-23,17.94,6,BTCUSD
2011-10-24,17.94,6,BTCUSD
2011-10-25,34.619,13,BTCUSD
2011-10-26,70.798,26,BTCUSD
2011-10-27,33.803,11,BTCUSD
2011-10-28,33.803,11,BTCUSD
2011-10-29,29.544,8,BTCUSD
2011-10-30,42.35,11,BTCUSD
2011-10-31,19.512,6,BTCUSD
2011-11-01,9.966,3,BTCUSD
2011-11-02,36.003,11,BTCUSD
2011-11-03,36.003,11,BTCUSD
2011-11-04,36.003,11,BTCUSD
2011-11-05,32.1,10,BTCUSD
2011-11-06,0.0,0,BTCUSD
2011-11-07,0.0,0,BTCUSD
2011-11-08,0.0,0,BTCUSD
2011-11-09,15.459999999999997,5,BTCUSD
2011-11-10,39.036,12,BTCUSD
2011-11-11,0.0,0,BTCUSD
2011-11-12,0.0,0,BTCUSD
2011-11-13,0.0,0,BTCUSD
2011-11-14,53.1,18,BTCUSD
2011-11-15,26.937000000000005,9,BTCUSD
2011-11-16,0.0,0,BTCUSD
2011-11-17,3.0,1,BTCUSD
2011-11-18,20.016,8,BTCUSD
2011-11-19,10.0,4,BTCUSD
2011-11-20,0.0,0,BTCUSD
2011-11-21,71.108,29,BTCUSD
2011-11-22,81.02399999999999,32,BTCUSD
2011-11-23,0.0,0,BTCUSD
2011-11-24,0.0,0,BTCUSD
2011-11-25,42.534,17,BTCUSD
2011-11-26,0.0,0,BTCUSD
2011-11-27,48.114000000000004,18,BTCUSD
2011-11-28,48.114000000000004,18,BTCUSD
2011-11-29,16.151999999999997,6,BTCUSD
2011-11-30,0.0,0,BTCUSD
2011-12-01,79.649,23,BTCUSD
2011-12-02,44.85,13,BTCUSD
2011-12-03,0.0,0,BTCUSD
2011-12-04,56.46,20,BTCUSD
2011-12-05,56.46,20,BTCUSD
2011-12-06,60.963,21,BTCUSD
2011-12-07,70.219,23,BTCUSD
2011-12-08,36.003,11,BTCUSD
2011-12-09,3.2,1,BTCUSD
2011-12-10,3.2,1,BTCUSD
2011-12-11,47.595,15,BTCUSD
2011-12-12,23.611,7,BTCUSD
2011-12-13,19.518,6,BTCUSD
2011-12-14,30.807000000000002,9,BTCUSD
2011-12-15,33.93,10,BTCUSD
2011-12-16,26.024,8,BTCUSD
2011-12-17,3.251,1,BTCUSD
2011-12-18,3.251,1,BTCUSD
2011-12-19,45.539,13,BTCUSD
2011-12-20,42.75,9,BTCUSD
2011-12-21,0.0,0,BTCUSD
2011-12-22,0.0,0,BTCUSD
2011-12-23,54.082,14,BTCUSD
2011-12-24,0.0,0,BTCUSD
2011-12-25,8.64,2,BTCUSD
2011-12-26,21.365,5,BTCUSD
2011-12-27,21.65,5,BTCUSD
2011-12-28,12.879000000000001,3,BTCUSD
2011-12-29,12.908999999999999,3,BTCUSD
2011-12-30,21.314999999999998,5,BTCUSD
2011-12-31,39.54599999999999,9,BTCUSD
2012-01-01,9.168,2,BTCUSD
2012-01-02,0.0,0,BTCUSD
2012-01-03,42.56,8,BTCUSD
2012-01-04,49.33999999999999,10,BTCUSD
2012-01-05,51.525,9,BTCUSD
2012-01-06,19.965,3,BTCUSD
2012-01-07,0.0,0,BTCUSD
2012-01-08,0.0,0,BTCUSD
2012-01-09,41.94,6,BTCUSD
2012-01-10,37.476,6,BTCUSD
2012-01-11,71.46,10,BTCUSD
2012-01-12,55.656,8,BTCUSD
2012-01-13,27.22,4,BTCUSD
2012-01-14,6.5,1,BTCUSD
2012-01-15,0.0,0,BTCUSD
2012-01-16,6.204,1,BTCUSD
2012-01-17,52.048,8,BTCUSD
2012-01-18,77.94800000000001,13,BTCUSD
2012-01-19,132.6,24,BTCUSD
2012-01-20,62.154,9,BTCUSD
2012-01-21,50.448,8,BTCUSD
2012-01-22,54.376,8,BTCUSD
2012-01-23,58.554,9,BTCUSD
2012-01-24,52.208,8,BTCUSD
2012-01-25,50.128,8,BTCUSD
2012-01-26,12.546,2,BTCUSD
2012-01-27,34.236,9,BTCUSD
2012-01-28,0.0,0,BTCUSD
2012-01-29,0.0,0,BTCUSD
2012-01-30,5.302,1,BTCUSD
2012-01-31,62.766000000000005,11,BTCUSD
2012-02-01,5.534,1,BTCUSD
2012-02-02,149.9,25,BTCUSD
2012-02-03,94.44,15,BTCUSD
2012-02-04,38.129999999999995,6,BTCUSD
2012-02-05,23.735999999999997,4,BTCUSD
2012-02-06,11.206,2,BTCUSD
2012-02-07,88.08,16,BTCUSD
2012-02-08,46.36,8,BTCUSD
2012-02-09,44.199999999999996,8,BTCUSD
2012-02-10,99.96,17,BTCUSD
2012-02-11,0.0,0,BTCUSD
2012-02-12,34.68,6,BTCUSD
2012-02-13,49.806,9,BTCUSD
2012-02-14,62.46,12,BTCUSD
2012-02-15,29.424,6,BTCUSD
2012-02-16,49.544,11,BTCUSD
2012-02-17,112.17599999999999,24,BTCUSD
2012-02-18,116.875,25,BTCUSD
2012-02-19,39.42,9,BTCUSD
2012-02-20,146.32,31,BTCUSD
2012-02-21,158.33999999999997,35,BTCUSD
2012-02-22,31.317999999999994,7,BTCUSD
2012-02-23,326.245,71,BTCUSD
2012-02-24,0.0,0,BTCUSD
2012-02-25,0.0,0,BTCUSD
2012-02-26,0.0,0,BTCUSD
2012-02-27,0.0,0,BTCUSD
2012-02-28,0.0,0,BTCUSD
2012-02-29,0.0,0,BTCUSD
2012-03-01,0.0,0,BTCUSD
2012-03-02,0.0,0,BTCUSD
2012-03-03,28.866,6,BTCUSD
2012-03-04,52.623999999999995,11,BTCUSD
2012-03-05,0.0,0,BTCUSD
2012-03-06,0.0,0,BTCUSD
2012-03-07,0.0,0,BTCUSD
2012-03-08,0.0,0,BTCUSD
2012-03-09,0.0,0,BTCUSD
2012-03-10,0.0,0,BTCUSD
2012-03-11,0.0,0,BTCUSD
2012-03-12,0.0,0,BTCUSD
2012-03-13,0.0,0,BTCUSD
2012-03-14,0.0,0,BTCUSD
2012-03-15,0.0,0,BTCUSD
2012-03-16,0.0,0,BTCUSD
2012-03-17,0.0,0,BTCUSD
2012-03-18,0.0,0,BTCUSD
2012-03-19,0.0,0,BTCUSD
2012-03-20,0.0,0,BTCUSD
2012-03-21,0.0,0,BTCUSD
2012-03-22,0.0,0,BTCUSD
2012-03-23,0.0,0,BTCUSD
2012-03-24,0.0,0,BTCUSD
2012-03-25,0.0,0,BTCUSD
2012-03-26,27.623999999999995,6,BTCUSD
2012-03-27,0.0,0,BTCUSD
2012-03-28,0.0,0,BTCUSD
2012-03-29,0.0,0,BTCUSD
2012-03-30,0.0,0,BTCUSD
2012-03-31,0.0,0,BTCUSD
2012-04-01,0.0,0,BTCUSD
2012-04-02,0.0,0,BTCUSD
2012-04-03,0.0,0,BTCUSD
2012-04-04,0.0,0,BTCUSD
2012-04-05,0.0,0,BTCUSD
2012-04-06,0.0,0,BTCUSD
2012-04-07,0.0,0,BTCUSD
2012-04-08,33.605242276188875,7,BTCUSD
2012-04-09,0.0,0,BTCUSD
2012-04-10,0.0,0,BTCUSD
2012-04-11,0.0,0,BTCUSD
2012-04-12,0.0,0,BTCUSD
2012-04-13,0.0,0,BTCUSD
2012-04-14,0.0,0,BTCUSD
2012-04-15,0.0,0,BTCUSD
2012-04-16,0.0,0,BTCUSD
2012-04-17,0.0,0,BTCUSD
2012-04-18,0.0,0,BTCUSD
2012-04-19,0.0,0,BTCUSD
2012-04-20,0.0,0,BTCUSD
2012-04-21,0.0,0,BTCUSD
2012-04-22,0.0,0,BTCUSD
2012-04-23,0.0,0,BTCUSD
2012-04-24,0.0,0,BTCUSD
2012-04-25,0.0,0,BTCUSD
2012-04-26,0.0,0,BTCUSD
2012-04-27,0.0,0,BTCUSD
2012-04-28,0.0,0,BTCUSD
2012-04-29,0.0,0,BTCUSD
2012-04-30,0.0,0,BTCUSD
2012-05-01,0.0,0,BTCUSD
2012-05-02,0.0,0,BTCUSD
2012-05-03,0.0,0,BTCUSD
2012-05-04,0.0,0,BTCUSD
2012-05-05,0.0,0,BTCUSD
2012-05-06,0.0,0,BTCUSD
2012-05-07,0.0,0,BTCUSD
2012-05-08,0.0,0,BTCUSD
2012-05-09,0.0,0,BTCUSD
2012-05-10,0.0,0,BTCUSD
2012-05-11,0.0,0,BTCUSD
2012-05-12,0.0,0,BTCUSD
2012-05-13,0.0,0,BTCUSD
2012-05-14,0.0,0,BTCUSD
2012-05-15,0.0,0,BTCUSD
2012-05-16,0.0,0,BTCUSD
2012-05-17,0.0,0,BTCUSD
2012-05-18,0.0,0,BTCUSD
2012-05-19,0.0,0,BTCUSD
2012-05-20,0.0,0,BTCUSD
2012-05-21,0.0,0,BTCUSD
2012-05-22,0.0,0,BTCUSD
2012-05-23,0.0,0,BTCUSD
2012-05-24,0.0,0,BTCUSD
2012-05-25,0.0,0,BTCUSD
2012-05-26,0.0,0,BTCUSD
2012-05-27,0.0,0,BTCUSD
2012-05-28,0.0,0,BTCUSD
2012-05-29,0.0,0,BTCUSD
2012-05-30,0.0,0,BTCUSD
2012-05-31,0.0,0,BTCUSD
2012-06-01,0.0,0,BTCUSD
2012-06-02,0.0,0,BTCUSD
2012-06-03,0.0,0,BTCUSD
2012-06-04,0.0,0,BTCUSD
2012-06-05,0.0,0,BTCUSD
2012-06-06,0.0,0,BTCUSD
2012-06-07,0.0,0,BTCUSD
2012-06-08,0.0,0,BTCUSD
2012-06-09,0.0,0,BTCUSD
2012-06-10,0.0,0,BTCUSD
2012-06-11,0.0,0,BTCUSD
2012-06-12,0.0,0,BTCUSD
2012-06-13,0.0,0,BTCUSD
2012-06-14,0.0,0,BTCUSD
2012-06-15,0.0,0,BTCUSD
2012-06-16,0.0,0,BTCUSD
2012-06-17,0.0,0,BTCUSD
2012-06-18,0.0,0,BTCUSD
2012-06-19,0.0,0,BTCUSD
2012-06-20,0.0,0,BTCUSD
2012-06-21,0.0,0,BTCUSD
2012-06-22,0.0,0,BTCUSD
2012-06-23,0.0,0,BTCUSD
2012-06-24,0.0,0,BTCUSD
2012-06-25,0.0,0,BTCUSD
2012-06-26,0.0,0,BTCUSD
2012-06-27,0.0,0,BTCUSD
2012-06-28,0.0,0,BTCUSD
2012-06-29,0.0,0,BTCUSD
2012-06-30,0.0,0,BTCUSD
2012-07-01,0.0,0,BTCUSD
2012-07-02,0.0,0,BTCUSD
2012-07-03,0.0,0,BTCUSD
2012-07-04,0.0,0,BTCUSD
2012-07-05,0.0,0,BTCUSD
2012-07-06,0.0,0,BTCUSD
2012-07-07,0.0,0,BTCUSD
2012-07-08,0.0,0,BTCUSD
2012-07-09,0.0,0,BTCUSD
2012-07-10,0.0,0,BTCUSD
2012-07-11,0.0,0,BTCUSD
2012-07-12,0.0,0,BTCUSD
2012-07-13,0.0,0,BTCUSD
2012-07-14,0.0,0,BTCUSD
2012-07-15,0.0,0,BTCUSD
2012-07-16,0.0,0,BTCUSD
2012-07-17,0.0,0,BTCUSD
2012-07-18,0.0,0,BTCUSD
2012-07-19,0.0,0,BTCUSD
2012-07-20,0.0,0,BTCUSD
2012-07-21,0.0,0,BTCUSD
2012-07-22,0.0,0,BTCUSD
2012-07-23,0.0,0,BTCUSD
2012-07-24,0.0,0,BTCUSD
2012-07-25,0.0,0,BTCUSD
2012-07-26,0.0,0,BTCUSD
2012-07-27,0.0,0,BTCUSD
2012-07-28,0.0,0,BTCUSD
2012-07-29,0.0,0,BTCUSD
2012-07-30,0.0,0,BTCUSD
2012-07-31,0.0,0,BTCUSD
2012-08-01,0.0,0,BTCUSD
2012-08-02,0.0,0,BTCUSD
2012-08-03,0.0,0,BTCUSD
2012-08-04,0.0,0,BTCUSD
2012-08-05,0.0,0,BTCUSD
2012-08-06,0.0,0,BTCUSD
2012-08-07,0.0,0,BTCUSD
2012-08-08,0.0,0,BTCUSD
2012-08-09,0.0,0,BTCUSD
2012-08-10,0.0,0,BTCUSD
2012-08-11,0.0,0,BTCUSD
2012-08-12,0.0,0,BTCUSD
2012-08-13,0.0,0,BTCUSD
2012-08-14,0.0,0,BTCUSD
2012-08-15,0.0,0,BTCUSD
2012-08-16,0.0,0,BTCUSD
2012-08-17,0.0,0,BTCUSD
2012-08-18,0.0,0,BTCUSD
2012-08-19,0.0,0,BTCUSD
2012-08-20,0.0,0,BTCUSD
2012-08-21,0.0,0,BTCUSD
2012-08-22,0.0,0,BTCUSD
2012-08-23,0.0,0,BTCUSD
2012-08-24,0.0,0,BTCUSD
2012-08-25,0.0,0,BTCUSD
2012-08-26,0.0,0,BTCUSD
2012-08-27,0.0,0,BTCUSD
2012-08-28,0.0,0,BTCUSD
2012-08-29,0.0,0,BTCUSD
2012-08-30,0.0,0,BTCUSD
2012-08-31,0.0,0,BTCUSD
2012-09-01,0.0,0,BTCUSD
2012-09-02,0.0,0,BTCUSD
2012-09-03,0.0,0,BTCUSD
2012-09-04,0.0,0,BTCUSD
2012-09-05,0.0,0,BTCUSD
2012-09-06,0.0,0,BTCUSD
2012-09-07,0.0,0,BTCUSD
2012-09-08,0.0,0,BTCUSD
2012-09-09,0.0,0,BTCUSD
2012-09-10,0.0,0,BTCUSD
2012-09-11,0.0,0,BTCUSD
2012-09-12,0.0,0,BTCUSD
2012-09-13,0.0,0,BTCUSD
2012-09-14,0.0,0,BTCUSD
2012-09-15,0.0,0,BTCUSD
2012-09-16,0.0,0,BTCUSD
2012-09-17,0.0,0,BTCUSD
2012-09-18,0.0,0,BTCUSD
2012-09-19,0.0,0,BTCUSD
2012-09-20,0.0,0,BTCUSD
2012-09-21,0.0,0,BTCUSD
2012-09-22,0.0,0,BTCUSD
2012-09-23,0.0,0,BTCUSD
2012-09-24,0.0,0,BTCUSD
2012-09-25,0.0,0,BTCUSD
2012-09-26,0.0,0,BTCUSD
2012-09-27,0.0,0,BTCUSD
2012-09-28,0.0,0,BTCUSD
2012-09-29,0.0,0,BTCUSD
2012-09-30,0.0,0,BTCUSD
2012-10-01,0.0,0,BTCUSD
2012-10-02,0.0,0,BTCUSD
2012-10-03,0.0,0,BTCUSD
2012-10-04,0.0,0,BTCUSD
2012-10-05,0.0,0,BTCUSD
2012-10-06,0.0,0,BTCUSD
2012-10-07,0.0,0,BTCUSD
2012-10-08,0.0,0,BTCUSD
2012-10-09,0.0,0,BTCUSD
2012-10-10,0.0,0,BTCUSD
2012-10-11,0.0,0,BTCUSD
2012-10-12,0.0,0,BTCUSD
2012-10-13,0.0,0,BTCUSD
2012-10-14,0.0,0,BTCUSD
2012-10-15,0.0,0,BTCUSD
2012-10-16,0.0,0,BTCUSD
2012-10-17,0.0,0,BTCUSD
2012-10-18,0.0,0,BTCUSD
2012-10-19,0.0,0,BTCUSD
2012-10-20,0.0,0,BTCUSD
2012-10-21,0.0,0,BTCUSD
2012-10-22,0.0,0,BTCUSD
2012-10-23,0.0,0,BTCUSD
2012-10-24,0.0,0,BTCUSD
2012-10-25,0.0,0,BTCUSD
2012-10-26,0.0,0,BTCUSD
2012-10-27,0.0,0,BTCUSD
2012-10-28,0.0,0,BTCUSD
2012-10-29,0.0,0,BTCUSD
2012-10-30,0.0,0,BTCUSD
2012-10-31,0.0,0,BTCUSD
2012-11-01,0.0,0,BTCUSD
2012-11-02,0.0,0,BTCUSD
2012-11-03,0.0,0,BTCUSD
2012-11-04,0.0,0,BTCUSD
2012-11-05,0.0,0,BTCUSD
2012-11-06,0.0,0,BTCUSD
2012-11-07,0.0,0,BTCUSD
2012-11-08,0.0,0,BTCUSD
2012-11-09,0.0,0,BTCUSD
2012-11-10,0.0,0,BTCUSD
2012-11-11,0.0,0,BTCUSD
2012-11-12,0.0,0,BTCUSD
2012-11-13,0.0,0,BTCUSD
2012-11-14,0.0,0,BTCUSD
2012-11-15,0.0,0,BTCUSD
2012-11-16,0.0,0,BTCUSD
2012-11-17,0.0,0,BTCUSD
2012-11-18,0.0,0,BTCUSD
2012-11-19,0.0,0,BTCUSD
2012-11-20,0.0,0,BTCUSD
2012-11-21,0.0,0,BTCUSD
2012-11-22,0.0,0,BTCUSD
2012-11-23,0.0,0,BTCUSD
2012-11-24,0.0,0,BTCUSD
2012-11-25,0.0,0,BTCUSD
2012-11-26,0.0,0,BTCUSD
2012-11-27,0.0,0,BTCUSD
2012-11-28,0.0,0,BTCUSD
2012-11-29,0.0,0,BTCUSD
2012-11-30,0.0,0,BTCUSD
2012-12-01,0.0,0,BTCUSD
2012-12-02,0.0,0,BTCUSD
2012-12-03,0.0,0,BTCUSD
2012-12-04,0.0,0,BTCUSD
2012-12-05,0.0,0,BTCUSD
2012-12-06,0.0,0,BTCUSD
2012-12-07,0.0,0,BTCUSD
2012-12-08,0.0,0,BTCUSD
2012-12-09,0.0,0,BTCUSD
2012-12-10,0.0,0,BTCUSD
2012-12-11,0.0,0,BTCUSD
2012-12-12,0.0,0,BTCUSD
2012-12-13,0.0,0,BTCUSD
2012-12-14,0.0,0,BTCUSD
2012-12-15,0.0,0,BTCUSD
2012-12-16,0.0,0,BTCUSD
2012-12-17,0.0,0,BTCUSD
2012-12-18,0.0,0,BTCUSD
2012-12-19,0.0,0,BTCUSD
2012-12-20,0.0,0,BTCUSD
2012-12-21,0.0,0,BTCUSD
2012-12-22,0.0,0,BTCUSD
2012-12-23,0.0,0,BTCUSD
2012-12-24,0.0,0,BTCUSD
2012-12-25,0.0,0,BTCUSD
2012-12-26,0.0,0,BTCUSD
2012-12-27,0.0,0,BTCUSD
2012-12-28,0.0,0,BTCUSD
2012-12-29,0.0,0,BTCUSD
2012-12-30,0.0,0,BTCUSD
2012-12-31,0.0,0,BTCUSD
2013-01-01,0.0,0,BTCUSD
2013-01-02,0.0,0,BTCUSD
2013-01-03,0.0,0,BTCUSD
2013-01-04,0.0,0,BTCUSD
2013-01-05,0.0,0,BTCUSD
2013-01-06,0.0,0,BTCUSD
2013-01-07,0.0,0,BTCUSD
2013-01-08,0.0,0,BTCUSD
2013-01-09,0.0,0,BTCUSD
2013-01-10,0.0,0,BTCUSD
2013-01-11,0.0,0,BTCUSD
2013-01-12,0.0,0,BTCUSD
2013-01-13,0.0,0,BTCUSD
2013-01-14,0.0,0,BTCUSD
2013-01-15,0.0,0,BTCUSD
2013-01-16,0.0,0,BTCUSD
2013-01-17,0.0,0,BTCUSD
2013-01-18,0.0,0,BTCUSD
2013-01-19,0.0,0,BTCUSD
2013-01-20,0.0,0,BTCUSD
2013-01-21,0.0,0,BTCUSD
2013-01-22,0.0,0,BTCUSD
2013-01-23,0.0,0,BTCUSD
2013-01-24,0.0,0,BTCUSD
2013-01-25,0.0,0,BTCUSD
2013-01-26,0.0,0,BTCUSD
2013-01-27,0.0,0,BTCUSD
2013-01-28,0.0,0,BTCUSD
2013-01-29,0.0,0,BTCUSD
2013-01-30,0.0,0,BTCUSD
2013-01-31,0.0,0,BTCUSD
2013-02-01,0.0,0,BTCUSD
2013-02-02,0.0,0,BTCUSD
2013-02-03,0.0,0,BTCUSD
2013-02-04,0.0,0,BTCUSD
2013-02-05,0.0,0,BTCUSD
2013-02-06,0.0,0,BTCUSD
2013-02-07,0.0,0,BTCUSD
2013-02-08,0.0,0,BTCUSD
2013-02-09,0.0,0,BTCUSD
2013-02-10,0.0,0,BTCUSD
2013-02-11,0.0,0,BTCUSD
2013-02-12,0.0,0,BTCUSD
2013-02-13,0.0,0,BTCUSD
2013-02-14,0.0,0,BTCUSD
2013-02-15,0.0,0,BTCUSD
2013-02-16,0.0,0,BTCUSD
2013-02-17,0.0,0,BTCUSD
2013-02-18,0.0,0,BTCUSD
2013-02-19,0.0,0,BTCUSD
2013-02-20,0.0,0,BTCUSD
2013-02-21,0.0,0,BTCUSD
2013-02-22,0.0,0,BTCUSD
2013-02-23,0.0,0,BTCUSD
2013-02-24,0.0,0,BTCUSD
2013-02-25,0.0,0,BTCUSD
2013-02-26,0.0,0,BTCUSD
2013-02-27,0.0,0,BTCUSD
2013-02-28,0.0,0,BTCUSD
2013-03-01,0.0,0,BTCUSD
2013-03-02,0.0,0,BTCUSD
2013-03-03,0.0,0,BTCUSD
2013-03-04,0.0,0,BTCUSD
2013-03-05,0.0,0,BTCUSD
2013-03-06,0.0,0,BTCUSD
2013-03-07,0.0,0,BTCUSD
2013-03-08,0.0,0,BTCUSD
2013-03-09,0.0,0,BTCUSD
2013-03-10,0.0,0,BTCUSD
2013-03-11,0.0,0,BTCUSD
2013-03-12,0.0,0,BTCUSD
2013-03-13,0.0,0,BTCUSD
2013-03-14,0.0,0,BTCUSD
2013-03-15,0.0,0,BTCUSD
2013-03-16,0.0,0,BTCUSD
2013-03-17,0.0,0,BTCUSD
2013-03-18,0.0,0,BTCUSD
2013-03-19,0.0,0,BTCUSD
2013-03-20,0.0,0,BTCUSD
2013-03-21,0.0,0,BTCUSD
2013-03-22,0.0,0,BTCUSD
2013-03-23,0.0,0,BTCUSD
2013-03-24,0.0,0,BTCUSD
2013-03-25,0.0,0,BTCUSD
2013-03-26,0.0,0,BTCUSD
2013-03-27,0.0,0,BTCUSD
2013-03-28,0.0,0,BTCUSD
2013-03-29,0.0,0,BTCUSD
2013-03-30,0.0,0,BTCUSD
2013-03-31,0.0,0,BTCUSD
2013-04-01,0.0,0,BTCUSD
2013-04-02,0.0,0,BTCUSD
2013-04-03,0.0,0,BTCUSD
2013-04-04,-14309.682,-106,BTCUSD
2013-04-05,-15030.482000000004,-106,BTCUSD
2013-04-06,-14944.622,-106,BTCUSD
2013-04-07,-17486.396,-106,BTCUSD
2013-04-08,-18931.097999999998,-102,BTCUSD
2013-04-09,-22670.802,-99,BTCUSD
2013-04-10,-14903.971091628911,-92,BTCUSD
2013-04-11,-8923.79261935857,-107,BTCUSD
2013-04-12,-18133.441684273585,-165,BTCUSD
2013-04-13,-12279.682162705787,-134,BTCUSD
2013-04-14,-13938.912,-153,BTCUSD
2013-04-15,0.0,0,BTCUSD
2013-04-16,0.0,0,BTCUSD
2013-04-17,0.0,0,BTCUSD
2013-04-18,0.0,0,BTCUSD
2013-04-19,0.0,0,BTCUSD
2013-04-20,0.0,0,BTCUSD
2013-04-21,0.0,0,BTCUSD
2013-04-22,0.0,0,BTCUSD
2013-04-23,0.0,0,BTCUSD
2013-04-24,0.0,0,BTCUSD
2013-04-25,0.0,0,BTCUSD
2013-04-26,0.0,0,BTCUSD
2013-04-27,0.0,0,BTCUSD
2013-04-28,0.0,0,BTCUSD
2013-04-29,0.0,0,BTCUSD
2013-04-30,0.0,0,BTCUSD
2013-05-01,0.0,0,BTCUSD
2013-05-02,0.0,0,BTCUSD
2013-05-03,0.0,0,BTCUSD
2013-05-04,0.0,0,BTCUSD
2013-05-05,0.0,0,BTCUSD
2013-05-06,0.0,0,BTCUSD
2013-05-07,0.0,0,BTCUSD
2013-05-08,0.0,0,BTCUSD
2013-05-09,0.0,0,BTCUSD
2013-05-10,0.0,0,BTCUSD
2013-05-11,0.0,0,BTCUSD
2013-05-12,0.0,0,BTCUSD
2013-05-13,0.0,0,BTCUSD
2013-05-14,0.0,0,BTCUSD
2013-05-15,0.0,0,BTCUSD
2013-05-16,0.0,0,BTCUSD
2013-05-17,0.0,0,BTCUSD
2013-05-18,0.0,0,BTCUSD
2013-05-19,0.0,0,BTCUSD
2013-05-20,0.0,0,BTCUSD
2013-05-21,0.0,0,BTCUSD
2013-05-22,0.0,0,BTCUSD
2013-05-23,0.0,0,BTCUSD
2013-05-24,0.0,0,BTCUSD
2013-05-25,0.0,0,BTCUSD
2013-05-26,0.0,0,BTCUSD
2013-05-27,0.0,0,BTCUSD
2013-05-28,0.0,0,BTCUSD
2013-05-29,0.0,0,BTCUSD
2013-05-30,0.0,0,BTCUSD
2013-05-31,0.0,0,BTCUSD
2013-06-01,0.0,0,BTCUSD
2013-06-02,0.0,0,BTCUSD
2013-06-03,0.0,0,BTCUSD
2013-06-04,0.0,0,BTCUSD
2013-06-05,0.0,0,BTCUSD
2013-06-06,0.0,0,BTCUSD
2013-06-07,0.0,0,BTCUSD
2013-06-08,0.0,0,BTCUSD
2013-06-09,0.0,0,BTCUSD
2013-06-10,0.0,0,BTCUSD
2013-06-11,0.0,0,BTCUSD
2013-06-12,0.0,0,BTCUSD
2013-06-13,0.0,0,BTCUSD
2013-06-14,0.0,0,BTCUSD
2013-06-15,0.0,0,BTCUSD
2013-06-16,0.0,0,BTCUSD
2013-06-17,0.0,0,BTCUSD
2013-06-18,0.0,0,BTCUSD
2013-06-19,0.0,0,BTCUSD
2013-06-20,0.0,0,BTCUSD
2013-06-21,0.0,0,BTCUSD
2013-06-22,0.0,0,BTCUSD
2013-06-23,0.0,0,BTCUSD
2013-06-24,0.0,0,BTCUSD
2013-06-25,0.0,0,BTCUSD
2013-06-26,0.0,0,BTCUSD
2013-06-27,0.0,0,BTCUSD
2013-06-28,0.0,0,BTCUSD
2013-06-29,0.0,0,BTCUSD
2013-06-30,0.0,0,BTCUSD
2013-07-01,0.0,0,BTCUSD
2013-07-02,0.0,0,BTCUSD
2013-07-03,0.0,0,BTCUSD
2013-07-04,0.0,0,BTCUSD
2013-07-05,0.0,0,BTCUSD
2013-07-06,14366.034,214,BTCUSD
2013-07-07,14264.605000000001,215,BTCUSD
2013-07-08,14572.252250219994,197,BTCUSD
2013-07-09,14504.196000000002,196,BTCUSD
2013-07-10,14625.074753187397,195,BTCUSD
2013-07-11,15589.70042880542,181,BTCUSD
2013-07-12,15805.84982094648,180,BTCUSD
2013-07-13,16055.243999999999,178,BTCUSD
2013-07-14,16227.537,177,BTCUSD
2013-07-15,15933.893999999998,177,BTCUSD
2013-07-16,0.0,0,BTCUSD
2013-07-17,0.0,0,BTCUSD
2013-07-18,0.0,0,BTCUSD
2013-07-19,9180.108,108,BTCUSD
2013-07-20,0.0,0,BTCUSD
2013-07-21,425.10012568500485,5,BTCUSD
2013-07-22,0.0,0,BTCUSD
2013-07-23,0.0,0,BTCUSD
2013-07-24,0.0,0,BTCUSD
2013-07-25,0.0,0,BTCUSD
2013-07-26,0.0,0,BTCUSD
2013-07-27,0.0,0,BTCUSD
2013-07-28,0.0,0,BTCUSD
2013-07-29,0.0,0,BTCUSD
2013-07-30,0.0,0,BTCUSD
2013-07-31,0.0,0,BTCUSD
2013-08-01,0.0,0,BTCUSD
2013-08-02,0.0,0,BTCUSD
2013-08-03,0.0,0,BTCUSD
2013-08-04,0.0,0,BTCUSD
2013-08-05,0.0,0,BTCUSD
2013-08-06,0.0,0,BTCUSD
2013-08-07,0.0,0,BTCUSD
2013-08-08,0.0,0,BTCUSD
2013-08-09,0.0,0,BTCUSD
2013-08-10,0.0,0,BTCUSD
2013-08-11,0.0,0,BTCUSD
2013-08-12,0.0,0,BTCUSD
2013-08-13,0.0,0,BTCUSD
2013-08-14,0.0,0,BTCUSD
2013-08-15,0.0,0,BTCUSD
2013-08-16,0.0,0,BTCUSD
2013-08-17,0.0,0,BTCUSD
2013-08-18,0.0,0,BTCUSD
2013-08-19,0.0,0,BTCUSD
2013-08-20,0.0,0,BTCUSD
2013-08-21,0.0,0,BTCUSD
2013-08-22,0.0,0,BTCUSD
2013-08-23,0.0,0,BTCUSD
2013-08-24,0.0,0,BTCUSD
2013-08-25,0.0,0,BTCUSD
2013-08-26,0.0,0,BTCUSD
2013-08-27,0.0,0,BTCUSD
2013-08-28,0.0,0,BTCUSD
2013-08-29,0.0,0,BTCUSD
2013-08-30,0.0,0,BTCUSD
2013-08-31,0.0,0,BTCUSD
2013-09-01,0.0,0,BTCUSD
2013-09-02,0.0,0,BTCUSD
2013-09-03,0.0,0,BTCUSD
2013-09-04,0.0,0,BTCUSD
2013-09-05,0.0,0,BTCUSD
2013-09-06,0.0,0,BTCUSD
2013-09-07,0.0,0,BTCUSD
2013-09-08,0.0,0,BTCUSD
2013-09-09,0.0,0,BTCUSD
2013-09-10,0.0,0,BTCUSD
2013-09-11,0.0,0,BTCUSD
2013-09-12,0.0,0,BTCUSD
2013-09-13,0.0,0,BTCUSD
2013-09-14,0.0,0,BTCUSD
2013-09-15,0.0,0,BTCUSD
2013-09-16,0.0,0,BTCUSD
2013-09-17,0.0,0,BTCUSD
2013-09-18,0.0,0,BTCUSD
2013-09-19,0.0,0,BTCUSD
2013-09-20,0.0,0,BTCUSD
2013-09-21,0.0,0,BTCUSD
2013-09-22,0.0,0,BTCUSD
2013-09-23,0.0,0,BTCUSD
2013-09-24,0.0,0,BTCUSD
2013-09-25,0.0,0,BTCUSD
2013-09-26,0.0,0,BTCUSD
2013-09-27,0.0,0,BTCUSD
2013-09-28,0.0,0,BTCUSD
2013-09-29,0.0,0,BTCUSD
2013-09-30,0.0,0,BTCUSD
2013-10-01,0.0,0,BTCUSD
2013-10-02,0.0,0,BTCUSD
2013-10-03,0.0,0,BTCUSD
2013-10-04,0.0,0,BTCUSD
2013-10-05,0.0,0,BTCUSD
2013-10-06,0.0,0,BTCUSD
2013-10-07,0.0,0,BTCUSD
2013-10-08,0.0,0,BTCUSD
2013-10-09,0.0,0,BTCUSD
2013-10-10,0.0,0,BTCUSD
2013-10-11,0.0,0,BTCUSD
2013-10-12,0.0,0,BTCUSD
2013-10-13,0.0,0,BTCUSD
2013-10-14,0.0,0,BTCUSD
2013-10-15,0.0,0,BTCUSD
2013-10-16,0.0,0,BTCUSD
2013-10-17,0.0,0,BTCUSD
2013-10-18,0.0,0,BTCUSD
2013-10-19,0.0,0,BTCUSD
2013-10-20,0.0,0,BTCUSD
2013-10-21,0.0,0,BTCUSD
2013-10-22,0.0,0,BTCUSD
2013-10-23,0.0,0,BTCUSD
2013-10-24,0.0,0,BTCUSD
2013-10-25,0.0,0,BTCUSD
2013-10-26,0.0,0,BTCUSD
2013-10-27,0.0,0,BTCUSD
2013-10-28,0.0,0,BTCUSD
2013-10-29,0.0,0,BTCUSD
2013-10-30,0.0,0,BTCUSD
2013-10-31,0.0,0,BTCUSD
2013-11-01,0.0,0,BTCUSD
2013-11-02,0.0,0,BTCUSD
2013-11-03,0.0,0,BTCUSD
2013-11-04,0.0,0,BTCUSD
2013-11-05,0.0,0,BTCUSD
2013-11-06,0.0,0,BTCUSD
2013-11-07,0.0,0,BTCUSD
2013-11-08,-57113.89658541125,-171,BTCUSD
2013-11-09,-58351.95329553504,-171,BTCUSD
2013-11-10,-54909.964898363294,-170,BTCUSD
2013-11-11,-59152.348000000005,-172,BTCUSD
2013-11-12,-59987.733,-169,BTCUSD
2013-11-13,-65714.37756625403,-167,BTCUSD
2013-11-14,-67128.789,-161,BTCUSD
2013-11-15,-64271.85029298723,-156,BTCUSD
2013-11-16,-68220.739,-157,BTCUSD
2013-11-17,-72561.45599999999,-152,BTCUSD
2013-11-18,-94999.36122514453,-142,BTCUSD
2013-11-19,-58961.0860684704,-110,BTCUSD
2013-11-20,-74874.96487373058,-125,BTCUSD
2013-11-21,0.0,0,BTCUSD
2013-11-22,0.0,0,BTCUSD
2013-11-23,0.0,0,BTCUSD
2013-11-24,0.0,0,BTCUSD
2013-11-25,0.0,0,BTCUSD
2013-11-26,0.0,0,BTCUSD
2013-11-27,0.0,0,BTCUSD
2013-11-28,0.0,0,BTCUSD
2013-11-29,0.0,0,BTCUSD
2013-11-30,0.0,0,BTCUSD
2013-12-01,0.0,0,BTCUSD
2013-12-02,0.0,0,BTCUSD
2013-12-03,0.0,0,BTCUSD
2013-12-04,0.0,0,BTCUSD
2013-12-05,0.0,0,BTCUSD
2013-12-06,0.0,0,BTCUSD
2013-12-07,0.0,0,BTCUSD
2013-12-08,0.0,0,BTCUSD
2013-12-09,0.0,0,BTCUSD
2013-12-10,0.0,0,BTCUSD
2013-12-11,0.0,0,BTCUSD
2013-12-12,0.0,0,BTCUSD
2013-12-13,0.0,0,BTCUSD
2013-12-14,0.0,0,BTCUSD
2013-12-15,0.0,0,BTCUSD
2013-12-16,0.0,0,BTCUSD
2013-12-17,0.0,0,BTCUSD
2013-12-18,0.0,0,BTCUSD
2013-12-19,0.0,0,BTCUSD
2013-12-20,0.0,0,BTCUSD
2013-12-21,0.0,0,BTCUSD
2013-12-22,0.0,0,BTCUSD
2013-12-23,0.0,0,BTCUSD
2013-12-24,0.0,0,BTCUSD
2013-12-25,0.0,0,BTCUSD
2013-12-26,0.0,0,BTCUSD
2013-12-27,0.0,0,BTCUSD
2013-12-28,0.0,0,BTCUSD
2013-12-29,0.0,0,BTCUSD
2013-12-30,0.0,0,BTCUSD
2013-12-31,0.0,0,BTCUSD
2014-01-01,0.0,0,BTCUSD
2014-01-02,0.0,0,BTCUSD
2014-01-03,0.0,0,BTCUSD
2014-01-04,0.0,0,BTCUSD
2014-01-05,0.0,0,BTCUSD
2014-01-06,0.0,0,BTCUSD
2014-01-07,0.0,0,BTCUSD
2014-01-08,0.0,0,BTCUSD
2014-01-09,0.0,0,BTCUSD
2014-01-10,0.0,0,BTCUSD
2014-01-11,0.0,0,BTCUSD
2014-01-12,0.0,0,BTCUSD
2014-01-13,0.0,0,BTCUSD
2014-01-14,0.0,0,BTCUSD
2014-01-15,0.0,0,BTCUSD
2014-01-16,0.0,0,BTCUSD
2014-01-17,0.0,0,BTCUSD
2014-01-18,0.0,0,BTCUSD
2014-01-19,0.0,0,BTCUSD
2014-01-20,0.0,0,BTCUSD
2014-01-21,0.0,0,BTCUSD
2014-01-22,0.0,0,BTCUSD
2014-01-23,0.0,0,BTCUSD
2014-01-24,0.0,0,BTCUSD
2014-01-25,0.0,0,BTCUSD
2014-01-26,0.0,0,BTCUSD
2014-01-27,0.0,0,BTCUSD
2014-01-28,0.0,0,BTCUSD
2014-01-29,0.0,0,BTCUSD
2014-01-30,0.0,0,BTCUSD
2014-01-31,0.0,0,BTCUSD
2014-02-01,0.0,0,BTCUSD
2014-02-02,0.0,0,BTCUSD
2014-02-03,0.0,0,BTCUSD
2014-02-04,0.0,0,BTCUSD
2014-02-05,0.0,0,BTCUSD
2014-02-06,0.0,0,BTCUSD
2014-02-07,0.0,0,BTCUSD
2014-02-08,0.0,0,BTCUSD
2014-02-09,0.0,0,BTCUSD
2014-02-10,0.0,0,BTCUSD
2014-02-11,0.0,0,BTCUSD
2014-02-12,0.0,0,BTCUSD
2014-02-13,0.0,0,BTCUSD
2014-02-14,0.0,0,BTCUSD
2014-02-15,0.0,0,BTCUSD
2014-02-16,0.0,0,BTCUSD
2014-02-17,0.0,0,BTCUSD
2014-02-18,0.0,0,BTCUSD
2014-02-19,0.0,0,BTCUSD
2014-02-20,0.0,0,BTCUSD
2014-02-21,0.0,0,BTCUSD
2014-02-22,0.0,0,BTCUSD
2014-02-23,0.0,0,BTCUSD
2014-02-24,0.0,0,BTCUSD
2014-02-25,0.0,0,BTCUSD
2014-02-26,0.0,0,BTCUSD
2014-02-27,0.0,0,BTCUSD
2014-02-28,0.0,0,BTCUSD
2014-03-01,0.0,0,BTCUSD
2014-03-02,0.0,0,BTCUSD
2014-03-03,0.0,0,BTCUSD
2014-03-04,0.0,0,BTCUSD
2014-03-05,0.0,0,BTCUSD
2014-03-06,0.0,0,BTCUSD
2014-03-07,0.0,0,BTCUSD
2014-03-08,0.0,0,BTCUSD
2014-03-09,0.0,0,BTCUSD
2014-03-10,0.0,0,BTCUSD
2014-03-11,0.0,0,BTCUSD
2014-03-12,0.0,0,BTCUSD
2014-03-13,0.0,0,BTCUSD
2014-03-14,0.0,0,BTCUSD
2014-03-15,0.0,0,BTCUSD
2014-03-16,0.0,0,BTCUSD
2014-03-17,0.0,0,BTCUSD
2014-03-18,0.0,0,BTCUSD
2014-03-19,0.0,0,BTCUSD
2014-03-20,0.0,0,BTCUSD
2014-03-21,0.0,0,BTCUSD
2014-03-22,0.0,0,BTCUSD
2014-03-23,0.0,0,BTCUSD
2014-03-24,0.0,0,BTCUSD
2014-03-25,0.0,0,BTCUSD
2014-03-26,0.0,0,BTCUSD
2014-03-27,0.0,0,BTCUSD
2014-03-28,0.0,0,BTCUSD
2014-03-29,0.0,0,BTCUSD
2014-03-30,0.0,0,BTCUSD
2014-03-31,0.0,0,BTCUSD
2014-04-01,0.0,0,BTCUSD
2014-04-02,0.0,0,BTCUSD
2014-04-03,0.0,0,BTCUSD
2014-04-04,0.0,0,BTCUSD
2014-04-05,0.0,0,BTCUSD
2014-04-06,0.0,0,BTCUSD
2014-04-07,0.0,0,BTCUSD
2014-04-08,0.0,0,BTCUSD
2014-04-09,0.0,0,BTCUSD
2014-04-10,0.0,0,BTCUSD
2014-04-11,0.0,0,BTCUSD
2014-04-12,0.0,0,BTCUSD
2014-04-13,0.0,0,BTCUSD
2014-04-14,0.0,0,BTCUSD
2014-04-15,0.0,0,BTCUSD
2014-04-16,0.0,0,BTCUSD
2014-04-17,0.0,0,BTCUSD
2014-04-18,0.0,0,BTCUSD
2014-04-19,0.0,0,BTCUSD
2014-04-20,0.0,0,BTCUSD
2014-04-21,0.0,0,BTCUSD
2014-04-22,0.0,0,BTCUSD
2014-04-23,0.0,0,BTCUSD
2014-04-24,0.0,0,BTCUSD
2014-04-25,0.0,0,BTCUSD
2014-04-26,0.0,0,BTCUSD
2014-04-27,0.0,0,BTCUSD
2014-04-28,0.0,0,BTCUSD
2014-04-29,0.0,0,BTCUSD
2014-04-30,0.0,0,BTCUSD
2014-05-01,0.0,0,BTCUSD
2014-05-02,0.0,0,BTCUSD
2014-05-03,0.0,0,BTCUSD
2014-05-04,0.0,0,BTCUSD
2014-05-05,0.0,0,BTCUSD
2014-05-06,0.0,0,BTCUSD
2014-05-07,0.0,0,BTCUSD
2014-05-08,0.0,0,BTCUSD
2014-05-09,0.0,0,BTCUSD
2014-05-10,0.0,0,BTCUSD
2014-05-11,0.0,0,BTCUSD
2014-05-12,0.0,0,BTCUSD
2014-05-13,0.0,0,BTCUSD
2014-05-14,0.0,0,BTCUSD
2014-05-15,0.0,0,BTCUSD
2014-05-16,0.0,0,BTCUSD
2014-05-17,0.0,0,BTCUSD
2014-05-18,0.0,0,BTCUSD
2014-05-19,0.0,0,BTCUSD
2014-05-20,0.0,0,BTCUSD
2014-05-21,0.0,0,BTCUSD
2014-05-22,0.0,0,BTCUSD
2014-05-23,0.0,0,BTCUSD
2014-05-24,0.0,0,BTCUSD
2014-05-25,0.0,0,BTCUSD
2014-05-26,0.0,0,BTCUSD
2014-05-27,0.0,0,BTCUSD
2014-05-28,0.0,0,BTCUSD
2014-05-29,0.0,0,BTCUSD
2014-05-30,0.0,0,BTCUSD
2014-05-31,0.0,0,BTCUSD
2014-06-01,0.0,0,BTCUSD
2014-06-02,0.0,0,BTCUSD
2014-06-03,0.0,0,BTCUSD
2014-06-04,0.0,0,BTCUSD
2014-06-05,0.0,0,BTCUSD
2014-06-06,0.0,0,BTCUSD
2014-06-07,0.0,0,BTCUSD
2014-06-08,0.0,0,BTCUSD
2014-06-09,0.0,0,BTCUSD
2014-06-10,0.0,0,BTCUSD
2014-06-11,0.0,0,BTCUSD
2014-06-12,0.0,0,BTCUSD
2014-06-13,0.0,0,BTCUSD
2014-06-14,0.0,0,BTCUSD
2014-06-15,0.0,0,BTCUSD
2014-06-16,0.0,0,BTCUSD
2014-06-17,0.0,0,BTCUSD
2014-06-18,0.0,0,BTCUSD
2014-06-19,0.0,0,BTCUSD
2014-06-20,0.0,0,BTCUSD
2014-06-21,0.0,0,BTCUSD
2014-06-22,0.0,0,BTCUSD
2014-06-23,0.0,0,BTCUSD
2014-06-24,0.0,0,BTCUSD
2014-06-25,0.0,0,BTCUSD
2014-06-26,0.0,0,BTCUSD
2014-06-27,0.0,0,BTCUSD
2014-06-28,0.0,0,BTCUSD
2014-06-29,0.0,0,BTCUSD
2014-06-30,0.0,0,BTCUSD
2014-07-01,0.0,0,BTCUSD
2014-07-02,0.0,0,BTCUSD
2014-07-03,0.0,0,BTCUSD
2014-07-04,0.0,0,BTCUSD
2014-07-05,0.0,0,BTCUSD
2014-07-06,0.0,0,BTCUSD
2014-07-07,0.0,0,BTCUSD
2014-07-08,0.0,0,BTCUSD
2014-07-09,0.0,0,BTCUSD
2014-07-10,0.0,0,BTCUSD
2014-07-11,0.0,0,BTCUSD
2014-07-12,0.0,0,BTCUSD
2014-07-13,0.0,0,BTCUSD
2014-07-14,0.0,0,BTCUSD
2014-07-15,0.0,0,BTCUSD
2014-07-16,0.0,0,BTCUSD
2014-07-17,0.0,0,BTCUSD
2014-07-18,0.0,0,BTCUSD
2014-07-19,0.0,0,BTCUSD
2014-07-20,0.0,0,BTCUSD
2014-07-21,0.0,0,BTCUSD
2014-07-22,0.0,0,BTCUSD
2014-07-23,0.0,0,BTCUSD
2014-07-24,0.0,0,BTCUSD
2014-07-25,0.0,0,BTCUSD
2014-07-26,0.0,0,BTCUSD
2014-07-27,0.0,0,BTCUSD
2014-07-28,0.0,0,BTCUSD
2014-07-29,0.0,0,BTCUSD
2014-07-30,0.0,0,BTCUSD
2014-07-31,0.0,0,BTCUSD
2014-08-01,0.0,0,BTCUSD
2014-08-02,0.0,0,BTCUSD
2014-08-03,0.0,0,BTCUSD
2014-08-04,0.0,0,BTCUSD
2014-08-05,0.0,0,BTCUSD
2014-08-06,0.0,0,BTCUSD
2014-08-07,0.0,0,BTCUSD
2014-08-08,0.0,0,BTCUSD
2014-08-09,0.0,0,BTCUSD
2014-08-10,0.0,0,BTCUSD
2014-08-11,0.0,0,BTCUSD
2014-08-12,0.0,0,BTCUSD
2014-08-13,0.0,0,BTCUSD
2014-08-14,0.0,0,BTCUSD
2014-08-15,0.0,0,BTCUSD
2014-08-16,0.0,0,BTCUSD
2014-08-17,0.0,0,BTCUSD
2014-08-18,0.0,0,BTCUSD
2014-08-19,0.0,0,BTCUSD
2014-08-20,0.0,0,BTCUSD
2014-08-21,0.0,0,BTCUSD
2014-08-22,0.0,0,BTCUSD
2014-08-23,0.0,0,BTCUSD
2014-08-24,0.0,0,BTCUSD
2014-08-25,0.0,0,BTCUSD
2014-08-26,0.0,0,BTCUSD
2014-08-27,0.0,0,BTCUSD
2014-08-28,0.0,0,BTCUSD
2014-08-29,0.0,0,BTCUSD
2014-08-30,0.0,0,BTCUSD
2014-08-31,0.0,0,BTCUSD
2014-09-01,0.0,0,BTCUSD
2014-09-02,0.0,0,BTCUSD
2014-09-03,0.0,0,BTCUSD
2014-09-04,0.0,0,BTCUSD
2014-09-05,0.0,0,BTCUSD
2014-09-06,0.0,0,BTCUSD
2014-09-07,0.0,0,BTCUSD
2014-09-08,0.0,0,BTCUSD
2014-09-09,0.0,0,BTCUSD
2014-09-10,0.0,0,BTCUSD
2014-09-11,0.0,0,BTCUSD
2014-09-12,0.0,0,BTCUSD
2014-09-13,0.0,0,BTCUSD
2014-09-14,0.0,0,BTCUSD
2014-09-15,0.0,0,BTCUSD
2014-09-16,0.0,0,BTCUSD
2014-09-17,0.0,0,BTCUSD
2014-09-18,0.0,0,BTCUSD
2014-09-19,0.0,0,BTCUSD
2014-09-20,0.0,0,BTCUSD
2014-09-21,0.0,0,BTCUSD
2014-09-22,0.0,0,BTCUSD
2014-09-23,0.0,0,BTCUSD
2014-09-24,0.0,0,BTCUSD
2014-09-25,0.0,0,BTCUSD
2014-09-26,0.0,0,BTCUSD
2014-09-27,0.0,0,BTCUSD
2014-09-28,0.0,0,BTCUSD
2014-09-29,0.0,0,BTCUSD
2014-09-30,0.0,0,BTCUSD
2014-10-01,0.0,0,BTCUSD
2014-10-02,0.0,0,BTCUSD
2014-10-03,0.0,0,BTCUSD
2014-10-04,0.0,0,BTCUSD
2014-10-05,0.0,0,BTCUSD
2014-10-06,0.0,0,BTCUSD
2014-10-07,0.0,0,BTCUSD
2014-10-08,0.0,0,BTCUSD
2014-10-09,0.0,0,BTCUSD
2014-10-10,0.0,0,BTCUSD
2014-10-11,0.0,0,BTCUSD
2014-10-12,0.0,0,BTCUSD
2014-10-13,0.0,0,BTCUSD
2014-10-14,0.0,0,BTCUSD
2014-10-15,0.0,0,BTCUSD
2014-10-16,0.0,0,BTCUSD
2014-10-17,0.0,0,BTCUSD
2014-10-18,0.0,0,BTCUSD
2014-10-19,0.0,0,BTCUSD
2014-10-20,0.0,0,BTCUSD
2014-10-21,0.0,0,BTCUSD
2014-10-22,0.0,0,BTCUSD
2014-10-23,0.0,0,BTCUSD
2014-10-24,0.0,0,BTCUSD
2014-10-25,0.0,0,BTCUSD
2014-10-26,0.0,0,BTCUSD
2014-10-27,0.0,0,BTCUSD
2014-10-28,0.0,0,BTCUSD
2014-10-29,0.0,0,BTCUSD
2014-10-30,0.0,0,BTCUSD
2014-10-31,0.0,0,BTCUSD
2014-11-01,0.0,0,BTCUSD
2014-11-02,0.0,0,BTCUSD
2014-11-03,0.0,0,BTCUSD
2014-11-04,0.0,0,BTCUSD
2014-11-05,0.0,0,BTCUSD
2014-11-06,0.0,0,BTCUSD
2014-11-07,0.0,0,BTCUSD
2014-11-08,0.0,0,BTCUSD
2014-11-09,0.0,0,BTCUSD
2014-11-10,0.0,0,BTCUSD
2014-11-11,0.0,0,BTCUSD
2014-11-12,0.0,0,BTCUSD
2014-11-13,0.0,0,BTCUSD
2014-11-14,0.0,0,BTCUSD
2014-11-15,0.0,0,BTCUSD
2014-11-16,0.0,0,BTCUSD
2014-11-17,0.0,0,BTCUSD
2014-11-18,0.0,0,BTCUSD
2014-11-19,0.0,0,BTCUSD
2014-11-20,0.0,0,BTCUSD
2014-11-21,0.0,0,BTCUSD
2014-11-22,0.0,0,BTCUSD
2014-11-23,0.0,0,BTCUSD
2014-11-24,0.0,0,BTCUSD
2014-11-25,0.0,0,BTCUSD
2014-11-26,0.0,0,BTCUSD
2014-11-27,0.0,0,BTCUSD
2014-11-28,0.0,0,BTCUSD
2014-11-29,0.0,0,BTCUSD
2014-11-30,0.0,0,BTCUSD
2014-12-01,0.0,0,BTCUSD
2014-12-02,0.0,0,BTCUSD
2014-12-03,0.0,0,BTCUSD
2014-12-04,0.0,0,BTCUSD
2014-12-05,0.0,0,BTCUSD
2014-12-06,0.0,0,BTCUSD
2014-12-07,0.0,0,BTCUSD
2014-12-08,0.0,0,BTCUSD
2014-12-09,0.0,0,BTCUSD
2014-12-10,0.0,0,BTCUSD
2014-12-11,0.0,0,BTCUSD
2014-12-12,0.0,0,BTCUSD
2014-12-13,0.0,0,BTCUSD
2014-12-14,0.0,0,BTCUSD
2014-12-15,0.0,0,BTCUSD
2014-12-16,0.0,0,BTCUSD
2014-12-17,0.0,0,BTCUSD
2014-12-18,0.0,0,BTCUSD
2014-12-19,0.0,0,BTCUSD
2014-12-20,0.0,0,BTCUSD
2014-12-21,0.0,0,BTCUSD
2014-12-22,0.0,0,BTCUSD
2014-12-23,0.0,0,BTCUSD
2014-12-24,0.0,0,BTCUSD
2014-12-25,0.0,0,BTCUSD
2014-12-26,0.0,0,BTCUSD
2014-12-27,0.0,0,BTCUSD
2014-12-28,72179.556,228,BTCUSD
2014-12-29,72111.99799999999,227,BTCUSD
2014-12-30,72077.63,230,BTCUSD
2014-12-31,71873.57100000001,231,BTCUSD
2015-01-01,72546.0,226,BTCUSD
2015-01-02,71896.153,229,BTCUSD
2015-01-03,71916.444,228,BTCUSD
2015-01-04,67200.22538523644,240,BTCUSD
2015-01-05,65083.727999999996,246,BTCUSD
2015-01-06,65936.772,242,BTCUSD
2015-01-07,65391.840000000004,240,BTCUSD
2015-01-08,65664.306,241,BTCUSD
2015-01-09,0.0,0,BTCUSD
2015-01-10,0.0,0,BTCUSD
2015-01-11,0.0,0,BTCUSD
2015-01-12,0.0,0,BTCUSD
2015-01-13,0.0,0,BTCUSD
2015-01-14,0.0,0,BTCUSD
2015-01-15,0.0,0,BTCUSD
2015-01-16,0.0,0,BTCUSD
2015-01-17,0.0,0,BTCUSD
2015-01-18,0.0,0,BTCUSD
2015-01-19,0.0,0,BTCUSD
2015-01-20,0.0,0,BTCUSD
2015-01-21,0.0,0,BTCUSD
2015-01-22,0.0,0,BTCUSD
2015-01-23,0.0,0,BTCUSD
2015-01-24,0.0,0,BTCUSD
2015-01-25,0.0,0,BTCUSD
2015-01-26,0.0,0,BTCUSD
2015-01-27,0.0,0,BTCUSD
2015-01-28,0.0,0,BTCUSD
2015-01-29,0.0,0,BTCUSD
2015-01-30,0.0,0,BTCUSD
2015-01-31,0.0,0,BTCUSD
2015-02-01,0.0,0,BTCUSD
2015-02-02,0.0,0,BTCUSD
2015-02-03,0.0,0,BTCUSD
2015-02-04,0.0,0,BTCUSD
2015-02-05,0.0,0,BTCUSD
2015-02-06,0.0,0,BTCUSD
2015-02-07,0.0,0,BTCUSD
2015-02-08,0.0,0,BTCUSD
2015-02-09,0.0,0,BTCUSD
2015-02-10,0.0,0,BTCUSD
2015-02-11,0.0,0,BTCUSD
2015-02-12,0.0,0,BTCUSD
2015-02-13,0.0,0,BTCUSD
2015-02-14,0.0,0,BTCUSD
2015-02-15,0.0,0,BTCUSD
2015-02-16,0.0,0,BTCUSD
2015-02-17,0.0,0,BTCUSD
2015-02-18,0.0,0,BTCUSD
2015-02-19,0.0,0,BTCUSD
2015-02-20,0.0,0,BTCUSD
2015-02-21,0.0,0,BTCUSD
2015-02-22,0.0,0,BTCUSD
2015-02-23,0.0,0,BTCUSD
2015-02-24,0.0,0,BTCUSD
2015-02-25,0.0,0,BTCUSD
2015-02-26,0.0,0,BTCUSD
2015-02-27,0.0,0,BTCUSD
2015-02-28,0.0,0,BTCUSD
2015-03-01,0.0,0,BTCUSD
2015-03-02,0.0,0,BTCUSD
2015-03-03,0.0,0,BTCUSD
2015-03-04,0.0,0,BTCUSD
2015-03-05,0.0,0,BTCUSD
2015-03-06,0.0,0,BTCUSD
2015-03-07,0.0,0,BTCUSD
2015-03-08,0.0,0,BTCUSD
2015-03-09,0.0,0,BTCUSD
2015-03-10,0.0,0,BTCUSD
2015-03-11,0.0,0,BTCUSD
2015-03-12,31110.975000000002,105,BTCUSD
2015-03-13,0.0,0,BTCUSD
2015-03-14,0.0,0,BTCUSD
2015-03-15,0.0,0,BTCUSD
2015-03-16,0.0,0,BTCUSD
2015-03-17,0.0,0,BTCUSD
2015-03-18,0.0,0,BTCUSD
2015-03-19,0.0,0,BTCUSD
2015-03-20,0.0,0,BTCUSD
2015-03-21,0.0,0,BTCUSD
2015-03-22,0.0,0,BTCUSD
2015-03-23,0.0,0,BTCUSD
2015-03-24,0.0,0,BTCUSD
2015-03-25,0.0,0,BTCUSD
2015-03-26,0.0,0,BTCUSD
2015-03-27,0.0,0,BTCUSD
2015-03-28,0.0,0,BTCUSD
2015-03-29,0.0,0,BTCUSD
2015-03-30,0.0,0,BTCUSD
2015-03-31,0.0,0,BTCUSD
2015-04-01,0.0,0,BTCUSD
2015-04-02,0.0,0,BTCUSD
2015-04-03,0.0,0,BTCUSD
2015-04-04,0.0,0,BTCUSD
2015-04-05,0.0,0,BTCUSD
2015-04-06,0.0,0,BTCUSD
2015-04-07,0.0,0,BTCUSD
2015-04-08,0.0,0,BTCUSD
2015-04-09,0.0,0,BTCUSD
2015-04-10,0.0,0,BTCUSD
2015-04-11,0.0,0,BTCUSD
2015-04-12,0.0,0,BTCUSD
2015-04-13,0.0,0,BTCUSD
2015-04-14,0.0,0,BTCUSD
2015-04-15,0.0,0,BTCUSD
2015-04-16,0.0,0,BTCUSD
2015-04-17,0.0,0,BTCUSD
2015-04-18,0.0,0,BTCUSD
2015-04-19,0.0,0,BTCUSD
2015-04-20,0.0,0,BTCUSD
2015-04-21,0.0,0,BTCUSD
2015-04-22,0.0,0,BTCUSD
2015-04-23,0.0,0,BTCUSD
2015-04-24,0.0,0,BTCUSD
2015-04-25,0.0,0,BTCUSD
2015-04-26,0.0,0,BTCUSD
2015-04-27,0.0,0,BTCUSD
2015-04-28,0.0,0,BTCUSD
2015-04-29,0.0,0,BTCUSD
2015-04-30,0.0,0,BTCUSD
2015-05-01,0.0,0,BTCUSD
2015-05-02,0.0,0,BTCUSD
2015-05-03,0.0,0,BTCUSD
2015-05-04,0.0,0,BTCUSD
2015-05-05,0.0,0,BTCUSD
2015-05-06,0.0,0,BTCUSD
2015-05-07,0.0,0,BTCUSD
2015-05-08,0.0,0,BTCUSD
2015-05-09,0.0,0,BTCUSD
2015-05-10,0.0,0,BTCUSD
2015-05-11,0.0,0,BTCUSD
2015-05-12,0.0,0,BTCUSD
2015-05-13,0.0,0,BTCUSD
2015-05-14,0.0,0,BTCUSD
2015-05-15,0.0,0,BTCUSD
2015-05-16,0.0,0,BTCUSD
2015-05-17,0.0,0,BTCUSD
2015-05-18,0.0,0,BTCUSD
2015-05-19,0.0,0,BTCUSD
2015-05-20,0.0,0,BTCUSD
2015-05-21,0.0,0,BTCUSD
2015-05-22,0.0,0,BTCUSD
2015-05-23,0.0,0,BTCUSD
2015-05-24,0.0,0,BTCUSD
2015-05-25,0.0,0,BTCUSD
2015-05-26,0.0,0,BTCUSD
2015-05-27,0.0,0,BTCUSD
2015-05-28,0.0,0,BTCUSD
2015-05-29,0.0,0,BTCUSD
2015-05-30,0.0,0,BTCUSD
2015-05-31,0.0,0,BTCUSD
2015-06-01,0.0,0,BTCUSD
2015-06-02,0.0,0,BTCUSD
2015-06-03,0.0,0,BTCUSD
2015-06-04,0.0,0,BTCUSD
2015-06-05,0.0,0,BTCUSD
2015-06-06,0.0,0,BTCUSD
2015-06-07,0.0,0,BTCUSD
2015-06-08,0.0,0,BTCUSD
2015-06-09,0.0,0,BTCUSD
2015-06-10,0.0,0,BTCUSD
2015-06-11,0.0,0,BTCUSD
2015-06-12,0.0,0,BTCUSD
2015-06-13,0.0,0,BTCUSD
2015-06-14,0.0,0,BTCUSD
2015-06-15,0.0,0,BTCUSD
2015-06-16,0.0,0,BTCUSD
2015-06-17,0.0,0,BTCUSD
2015-06-18,0.0,0,BTCUSD
2015-06-19,0.0,0,BTCUSD
2015-06-20,0.0,0,BTCUSD
2015-06-21,0.0,0,BTCUSD
2015-06-22,0.0,0,BTCUSD
2015-06-23,0.0,0,BTCUSD
2015-06-24,0.0,0,BTCUSD
2015-06-25,0.0,0,BTCUSD
2015-06-26,0.0,0,BTCUSD
2015-06-27,0.0,0,BTCUSD
2015-06-28,0.0,0,BTCUSD
2015-06-29,0.0,0,BTCUSD
2015-06-30,0.0,0,BTCUSD
2015-07-01,0.0,0,BTCUSD
2015-07-02,0.0,0,BTCUSD
2015-07-03,0.0,0,BTCUSD
2015-07-04,0.0,0,BTCUSD
2015-07-05,0.0,0,BTCUSD
2015-07-06,0.0,0,BTCUSD
2015-07-07,0.0,0,BTCUSD
2015-07-08,0.0,0,BTCUSD
2015-07-09,0.0,0,BTCUSD
2015-07-10,0.0,0,BTCUSD
2015-07-11,0.0,0,BTCUSD
2015-07-12,0.0,0,BTCUSD
2015-07-13,0.0,0,BTCUSD
2015-07-14,0.0,0,BTCUSD
2015-07-15,0.0,0,BTCUSD
2015-07-16,0.0,0,BTCUSD
2015-07-17,0.0,0,BTCUSD
2015-07-18,0.0,0,BTCUSD
2015-07-19,0.0,0,BTCUSD
2015-07-20,0.0,0,BTCUSD
2015-07-21,0.0,0,BTCUSD
2015-07-22,0.0,0,BTCUSD
2015-07-23,0.0,0,BTCUSD
2015-07-24,0.0,0,BTCUSD
2015-07-25,0.0,0,BTCUSD
2015-07-26,0.0,0,BTCUSD
2015-07-27,0.0,0,BTCUSD
2015-07-28,0.0,0,BTCUSD
2015-07-29,0.0,0,BTCUSD
2015-07-30,0.0,0,BTCUSD
2015-07-31,0.0,0,BTCUSD
2015-08-01,0.0,0,BTCUSD
2015-08-02,0.0,0,BTCUSD
2015-08-03,0.0,0,BTCUSD
2015-08-04,0.0,0,BTCUSD
2015-08-05,0.0,0,BTCUSD
2015-08-06,0.0,0,BTCUSD
2015-08-07,0.0,0,BTCUSD
2015-08-08,0.0,0,BTCUSD
2015-08-09,0.0,0,BTCUSD
2015-08-10,0.0,0,BTCUSD
2015-08-11,0.0,0,BTCUSD
2015-08-12,0.0,0,BTCUSD
2015-08-13,0.0,0,BTCUSD
2015-08-14,0.0,0,BTCUSD
2015-08-15,0.0,0,BTCUSD
2015-08-16,0.0,0,BTCUSD
2015-08-17,0.0,0,BTCUSD
2015-08-18,0.0,0,BTCUSD
2015-08-19,0.0,0,BTCUSD
2015-08-20,0.0,0,BTCUSD
2015-08-21,0.0,0,BTCUSD
2015-08-22,0.0,0,BTCUSD
2015-08-23,0.0,0,BTCUSD
2015-08-24,0.0,0,BTCUSD
2015-08-25,0.0,0,BTCUSD
2015-08-26,0.0,0,BTCUSD
2015-08-27,0.0,0,BTCUSD
2015-08-28,0.0,0,BTCUSD
2015-08-29,0.0,0,BTCUSD
2015-08-30,0.0,0,BTCUSD
2015-08-31,0.0,0,BTCUSD
2015-09-01,0.0,0,BTCUSD
2015-09-02,0.0,0,BTCUSD
2015-09-03,0.0,0,BTCUSD
2015-09-04,0.0,0,BTCUSD
2015-09-05,0.0,0,BTCUSD
2015-09-06,0.0,0,BTCUSD
2015-09-07,0.0,0,BTCUSD
2015-09-08,0.0,0,BTCUSD
2015-09-09,0.0,0,BTCUSD
2015-09-10,0.0,0,BTCUSD
2015-09-11,0.0,0,BTCUSD
2015-09-12,0.0,0,BTCUSD
2015-09-13,0.0,0,BTCUSD
2015-09-14,0.0,0,BTCUSD
2015-09-15,0.0,0,BTCUSD
2015-09-16,0.0,0,BTCUSD
2015-09-17,0.0,0,BTCUSD
2015-09-18,0.0,0,BTCUSD
2015-09-19,0.0,0,BTCUSD
2015-09-20,0.0,0,BTCUSD
2015-09-21,0.0,0,BTCUSD
2015-09-22,0.0,0,BTCUSD
2015-09-23,0.0,0,BTCUSD
2015-09-24,0.0,0,BTCUSD
2015-09-25,0.0,0,BTCUSD
2015-09-26,0.0,0,BTCUSD
2015-09-27,0.0,0,BTCUSD
2015-09-28,0.0,0,BTCUSD
2015-09-29,0.0,0,BTCUSD
2015-09-30,0.0,0,BTCUSD
2015-10-01,0.0,0,BTCUSD
2015-10-02,0.0,0,BTCUSD
2015-10-03,0.0,0,BTCUSD
2015-10-04,0.0,0,BTCUSD
2015-10-05,0.0,0,BTCUSD
2015-10-06,0.0,0,BTCUSD
2015-10-07,0.0,0,BTCUSD
2015-10-08,0.0,0,BTCUSD
2015-10-09,0.0,0,BTCUSD
2015-10-10,0.0,0,BTCUSD
2015-10-11,0.0,0,BTCUSD
2015-10-12,0.0,0,BTCUSD
2015-10-13,0.0,0,BTCUSD
2015-10-14,0.0,0,BTCUSD
2015-10-15,0.0,0,BTCUSD
2015-10-16,0.0,0,BTCUSD
2015-10-17,0.0,0,BTCUSD
2015-10-18,0.0,0,BTCUSD
2015-10-19,0.0,0,BTCUSD
2015-10-20,0.0,0,BTCUSD
2015-10-21,0.0,0,BTCUSD
2015-10-22,0.0,0,BTCUSD
2015-10-23,0.0,0,BTCUSD
2015-10-24,0.0,0,BTCUSD
2015-10-25,0.0,0,BTCUSD
2015-10-26,0.0,0,BTCUSD
2015-10-27,0.0,0,BTCUSD
2015-10-28,0.0,0,BTCUSD
2015-10-29,0.0,0,BTCUSD
2015-10-30,0.0,0,BTCUSD
2015-10-31,0.0,0,BTCUSD
2015-11-01,0.0,0,BTCUSD
2015-11-02,0.0,0,BTCUSD
2015-11-03,0.0,0,BTCUSD
2015-11-04,0.0,0,BTCUSD
2015-11-05,0.0,0,BTCUSD
2015-11-06,0.0,0,BTCUSD
2015-11-07,0.0,0,BTCUSD
2015-11-08,0.0,0,BTCUSD
2015-11-09,0.0,0,BTCUSD
2015-11-10,0.0,0,BTCUSD
2015-11-11,0.0,0,BTCUSD
2015-11-12,0.0,0,BTCUSD
2015-11-13,0.0,0,BTCUSD
2015-11-14,0.0,0,BTCUSD
2015-11-15,0.0,0,BTCUSD
2015-11-16,0.0,0,BTCUSD
2015-11-17,0.0,0,BTCUSD
2015-11-18,0.0,0,BTCUSD
2015-11-19,0.0,0,BTCUSD
2015-11-20,0.0,0,BTCUSD
2015-11-21,0.0,0,BTCUSD
2015-11-22,0.0,0,BTCUSD
2015-11-23,0.0,0,BTCUSD
2015-11-24,0.0,0,BTCUSD
2015-11-25,0.0,0,BTCUSD
2015-11-26,0.0,0,BTCUSD
2015-11-27,0.0,0,BTCUSD
2015-11-28,0.0,0,BTCUSD
2015-11-29,0.0,0,BTCUSD
2015-11-30,0.0,0,BTCUSD
2015-12-01,0.0,0,BTCUSD
2015-12-02,0.0,0,BTCUSD
2015-12-03,0.0,0,BTCUSD
2015-12-04,0.0,0,BTCUSD
2015-12-05,0.0,0,BTCUSD
2015-12-06,0.0,0,BTCUSD
2015-12-07,0.0,0,BTCUSD
2015-12-08,0.0,0,BTCUSD
2015-12-09,0.0,0,BTCUSD
2015-12-10,0.0,0,BTCUSD
2015-12-11,0.0,0,BTCUSD
2015-12-12,0.0,0,BTCUSD
2015-12-13,0.0,0,BTCUSD
2015-12-14,0.0,0,BTCUSD
2015-12-15,0.0,0,BTCUSD
2015-12-16,0.0,0,BTCUSD
2015-12-17,0.0,0,BTCUSD
2015-12-18,0.0,0,BTCUSD
2015-12-19,0.0,0,BTCUSD
2015-12-20,0.0,0,BTCUSD
2015-12-21,0.0,0,BTCUSD
2015-12-22,0.0,0,BTCUSD
2015-12-23,0.0,0,BTCUSD
2015-12-24,0.0,0,BTCUSD
2015-12-25,0.0,0,BTCUSD
2015-12-26,0.0,0,BTCUSD
2015-12-27,0.0,0,BTCUSD
2015-12-28,0.0,0,BTCUSD
2015-12-29,0.0,0,BTCUSD
2015-12-30,0.0,0,BTCUSD
2015-12-31,0.0,0,BTCUSD
2016-01-01,0.0,0,BTCUSD
2016-01-02,0.0,0,BTCUSD
2016-01-03,0.0,0,BTCUSD
2016-01-04,0.0,0,BTCUSD
2016-01-05,0.0,0,BTCUSD
2016-01-06,0.0,0,BTCUSD
2016-01-07,0.0,0,BTCUSD
2016-01-08,0.0,0,BTCUSD
2016-01-09,0.0,0,BTCUSD
2016-01-10,0.0,0,BTCUSD
2016-01-11,0.0,0,BTCUSD
2016-01-12,0.0,0,BTCUSD
2016-01-13,0.0,0,BTCUSD
2016-01-14,0.0,0,BTCUSD
2016-01-15,0.0,0,BTCUSD
2016-01-16,0.0,0,BTCUSD
2016-01-17,0.0,0,BTCUSD
2016-01-18,0.0,0,BTCUSD
2016-01-19,0.0,0,BTCUSD
2016-01-20,0.0,0,BTCUSD
2016-01-21,0.0,0,BTCUSD
2016-01-22,0.0,0,BTCUSD
2016-01-23,0.0,0,BTCUSD
2016-01-24,0.0,0,BTCUSD
2016-01-25,0.0,0,BTCUSD
2016-01-26,0.0,0,BTCUSD
2016-01-27,0.0,0,BTCUSD
2016-01-28,0.0,0,BTCUSD
2016-01-29,0.0,0,BTCUSD
2016-01-30,0.0,0,BTCUSD
2016-01-31,0.0,0,BTCUSD
2016-02-01,0.0,0,BTCUSD
2016-02-02,0.0,0,BTCUSD
2016-02-03,0.0,0,BTCUSD
2016-02-04,0.0,0,BTCUSD
2016-02-05,0.0,0,BTCUSD
2016-02-06,0.0,0,BTCUSD
2016-02-07,0.0,0,BTCUSD
2016-02-08,0.0,0,BTCUSD
2016-02-09,0.0,0,BTCUSD
2016-02-10,0.0,0,BTCUSD
2016-02-11,0.0,0,BTCUSD
2016-02-12,0.0,0,BTCUSD
2016-02-13,0.0,0,BTCUSD
2016-02-14,0.0,0,BTCUSD
2016-02-15,0.0,0,BTCUSD
2016-02-16,0.0,0,BTCUSD
2016-02-17,0.0,0,BTCUSD
2016-02-18,0.0,0,BTCUSD
2016-02-19,0.0,0,BTCUSD
2016-02-20,0.0,0,BTCUSD
2016-02-21,0.0,0,BTCUSD
2016-02-22,0.0,0,BTCUSD
2016-02-23,0.0,0,BTCUSD
2016-02-24,0.0,0,BTCUSD
2016-02-25,0.0,0,BTCUSD
2016-02-26,0.0,0,BTCUSD
2016-02-27,0.0,0,BTCUSD
2016-02-28,0.0,0,BTCUSD
2016-02-29,0.0,0,BTCUSD
2016-03-01,0.0,0,BTCUSD
2016-03-02,0.0,0,BTCUSD
2016-03-03,0.0,0,BTCUSD
2016-03-04,0.0,0,BTCUSD
2016-03-05,0.0,0,BTCUSD
2016-03-06,0.0,0,BTCUSD
2016-03-07,0.0,0,BTCUSD
2016-03-08,0.0,0,BTCUSD
2016-03-09,0.0,0,BTCUSD
2016-03-10,0.0,0,BTCUSD
2016-03-11,0.0,0,BTCUSD
2016-03-12,0.0,0,BTCUSD
2016-03-13,0.0,0,BTCUSD
2016-03-14,0.0,0,BTCUSD
2016-03-15,0.0,0,BTCUSD
2016-03-16,0.0,0,BTCUSD
2016-03-17,0.0,0,BTCUSD
2016-03-18,0.0,0,BTCUSD
2016-03-19,0.0,0,BTCUSD
2016-03-20,0.0,0,BTCUSD
2016-03-21,0.0,0,BTCUSD
2016-03-22,0.0,0,BTCUSD
2016-03-23,0.0,0,BTCUSD
2016-03-24,0.0,0,BTCUSD
2016-03-25,0.0,0,BTCUSD
2016-03-26,0.0,0,BTCUSD
2016-03-27,0.0,0,BTCUSD
2016-03-28,0.0,0,BTCUSD
2016-03-29,0.0,0,BTCUSD
2016-03-30,0.0,0,BTCUSD
2016-03-31,0.0,0,BTCUSD
2016-04-01,0.0,0,BTCUSD
2016-04-02,0.0,0,BTCUSD
2016-04-03,0.0,0,BTCUSD
2016-04-04,0.0,0,BTCUSD
2016-04-05,0.0,0,BTCUSD
2016-04-06,0.0,0,BTCUSD
2016-04-07,0.0,0,BTCUSD
2016-04-08,0.0,0,BTCUSD
2016-04-09,0.0,0,BTCUSD
2016-04-10,0.0,0,BTCUSD
2016-04-11,0.0,0,BTCUSD
2016-04-12,0.0,0,BTCUSD
2016-04-13,0.0,0,BTCUSD
2016-04-14,0.0,0,BTCUSD
2016-04-15,0.0,0,BTCUSD
2016-04-16,0.0,0,BTCUSD
2016-04-17,0.0,0,BTCUSD
2016-04-18,0.0,0,BTCUSD
2016-04-19,0.0,0,BTCUSD
2016-04-20,0.0,0,BTCUSD
2016-04-21,0.0,0,BTCUSD
2016-04-22,0.0,0,BTCUSD
2016-04-23,0.0,0,BTCUSD
2016-04-24,0.0,0,BTCUSD
2016-04-25,0.0,0,BTCUSD
2016-04-26,0.0,0,BTCUSD
2016-04-27,0.0,0,BTCUSD
2016-04-28,0.0,0,BTCUSD
2016-04-29,0.0,0,BTCUSD
2016-04-30,0.0,0,BTCUSD
2016-05-01,0.0,0,BTCUSD
2016-05-02,0.0,0,BTCUSD
2016-05-03,0.0,0,BTCUSD
2016-05-04,0.0,0,BTCUSD
2016-05-05,0.0,0,BTCUSD
2016-05-06,0.0,0,BTCUSD
2016-05-07,0.0,0,BTCUSD
2016-05-08,0.0,0,BTCUSD
2016-05-09,0.0,0,BTCUSD
2016-05-10,0.0,0,BTCUSD
2016-05-11,0.0,0,BTCUSD
2016-05-12,0.0,0,BTCUSD
2016-05-13,0.0,0,BTCUSD
2016-05-14,0.0,0,BTCUSD
2016-05-15,0.0,0,BTCUSD
2016-05-16,0.0,0,BTCUSD
2016-05-17,0.0,0,BTCUSD
2016-05-18,0.0,0,BTCUSD
2016-05-19,0.0,0,BTCUSD
2016-05-20,0.0,0,BTCUSD
2016-05-21,0.0,0,BTCUSD
2016-05-22,0.0,0,BTCUSD
2016-05-23,0.0,0,BTCUSD
2016-05-24,0.0,0,BTCUSD
2016-05-25,0.0,0,BTCUSD
2016-05-26,0.0,0,BTCUSD
2016-05-27,0.0,0,BTCUSD
2016-05-28,0.0,0,BTCUSD
2016-05-29,0.0,0,BTCUSD
2016-05-30,0.0,0,BTCUSD
2016-05-31,0.0,0,BTCUSD
2016-06-01,0.0,0,BTCUSD
2016-06-02,0.0,0,BTCUSD
2016-06-03,0.0,0,BTCUSD
2016-06-04,0.0,0,BTCUSD
2016-06-05,0.0,0,BTCUSD
2016-06-06,0.0,0,BTCUSD
2016-06-07,0.0,0,BTCUSD
2016-06-08,0.0,0,BTCUSD
2016-06-09,0.0,0,BTCUSD
2016-06-10,0.0,0,BTCUSD
2016-06-11,0.0,0,BTCUSD
2016-06-12,0.0,0,BTCUSD
2016-06-13,0.0,0,BTCUSD
2016-06-14,0.0,0,BTCUSD
2016-06-15,0.0,0,BTCUSD
2016-06-16,0.0,0,BTCUSD
2016-06-17,0.0,0,BTCUSD
2016-06-18,0.0,0,BTCUSD
2016-06-19,0.0,0,BTCUSD
2016-06-20,0.0,0,BTCUSD
2016-06-21,0.0,0,BTCUSD
2016-06-22,0.0,0,BTCUSD
2016-06-23,0.0,0,BTCUSD
2016-06-24,0.0,0,BTCUSD
2016-06-25,0.0,0,BTCUSD
2016-06-26,0.0,0,BTCUSD
2016-06-27,0.0,0,BTCUSD
2016-06-28,0.0,0,BTCUSD
2016-06-29,0.0,0,BTCUSD
2016-06-30,0.0,0,BTCUSD
2016-07-01,0.0,0,BTCUSD
2016-07-02,0.0,0,BTCUSD
2016-07-03,0.0,0,BTCUSD
2016-07-04,0.0,0,BTCUSD
2016-07-05,0.0,0,BTCUSD
2016-07-06,0.0,0,BTCUSD
2016-07-07,0.0,0,BTCUSD
2016-07-08,0.0,0,BTCUSD
2016-07-09,0.0,0,BTCUSD
2016-07-10,0.0,0,BTCUSD
2016-07-11,0.0,0,BTCUSD
2016-07-12,0.0,0,BTCUSD
2016-07-13,0.0,0,BTCUSD
2016-07-14,0.0,0,BTCUSD
2016-07-15,0.0,0,BTCUSD
2016-07-16,0.0,0,BTCUSD
2016-07-17,0.0,0,BTCUSD
2016-07-18,0.0,0,BTCUSD
2016-07-19,0.0,0,BTCUSD
2016-07-20,0.0,0,BTCUSD
2016-07-21,0.0,0,BTCUSD
2016-07-22,0.0,0,BTCUSD
2016-07-23,0.0,0,BTCUSD
2016-07-24,0.0,0,BTCUSD
2016-07-25,0.0,0,BTCUSD
2016-07-26,0.0,0,BTCUSD
2016-07-27,0.0,0,BTCUSD
2016-07-28,0.0,0,BTCUSD
2016-07-29,0.0,0,BTCUSD
2016-07-30,0.0,0,BTCUSD
2016-07-31,0.0,0,BTCUSD
2016-08-01,0.0,0,BTCUSD
2016-08-02,0.0,0,BTCUSD
2016-08-03,0.0,0,BTCUSD
2016-08-04,0.0,0,BTCUSD
2016-08-05,0.0,0,BTCUSD
2016-08-06,0.0,0,BTCUSD
2016-08-07,0.0,0,BTCUSD
2016-08-08,0.0,0,BTCUSD
2016-08-09,0.0,0,BTCUSD
2016-08-10,0.0,0,BTCUSD
2016-08-11,0.0,0,BTCUSD
2016-08-12,0.0,0,BTCUSD
2016-08-13,0.0,0,BTCUSD
2016-08-14,0.0,0,BTCUSD
2016-08-15,0.0,0,BTCUSD
2016-08-16,0.0,0,BTCUSD
2016-08-17,0.0,0,BTCUSD
2016-08-18,0.0,0,BTCUSD
2016-08-19,0.0,0,BTCUSD
2016-08-20,0.0,0,BTCUSD
2016-08-21,0.0,0,BTCUSD
2016-08-22,0.0,0,BTCUSD
2016-08-23,0.0,0,BTCUSD
2016-08-24,0.0,0,BTCUSD
2016-08-25,0.0,0,BTCUSD
2016-08-26,0.0,0,BTCUSD
2016-08-27,0.0,0,BTCUSD
2016-08-28,0.0,0,BTCUSD
2016-08-29,0.0,0,BTCUSD
2016-08-30,0.0,0,BTCUSD
2016-08-31,0.0,0,BTCUSD
2016-09-01,0.0,0,BTCUSD
2016-09-02,0.0,0,BTCUSD
2016-09-03,0.0,0,BTCUSD
2016-09-04,0.0,0,BTCUSD
2016-09-05,0.0,0,BTCUSD
2016-09-06,0.0,0,BTCUSD
2016-09-07,0.0,0,BTCUSD
2016-09-08,0.0,0,BTCUSD
2016-09-09,0.0,0,BTCUSD
2016-09-10,0.0,0,BTCUSD
2016-09-11,0.0,0,BTCUSD
2016-09-12,0.0,0,BTCUSD
2016-09-13,0.0,0,BTCUSD
2016-09-14,0.0,0,BTCUSD
2016-09-15,0.0,0,BTCUSD
2016-09-16,0.0,0,BTCUSD
2016-09-17,0.0,0,BTCUSD
2016-09-18,0.0,0,BTCUSD
2016-09-19,0.0,0,BTCUSD
2016-09-20,0.0,0,BTCUSD
2016-09-21,0.0,0,BTCUSD
2016-09-22,0.0,0,BTCUSD
2016-09-23,0.0,0,BTCUSD
2016-09-24,0.0,0,BTCUSD
2016-09-25,0.0,0,BTCUSD
2016-09-26,0.0,0,BTCUSD
2016-09-27,0.0,0,BTCUSD
2016-09-28,0.0,0,BTCUSD
2016-09-29,0.0,0,BTCUSD
2016-09-30,0.0,0,BTCUSD
2016-10-01,0.0,0,BTCUSD
2016-10-02,0.0,0,BTCUSD
2016-10-03,0.0,0,BTCUSD
2016-10-04,0.0,0,BTCUSD
2016-10-05,0.0,0,BTCUSD
2016-10-06,0.0,0,BTCUSD
2016-10-07,0.0,0,BTCUSD
2016-10-08,0.0,0,BTCUSD
2016-10-09,0.0,0,BTCUSD
2016-10-10,0.0,0,BTCUSD
2016-10-11,0.0,0,BTCUSD
2016-10-12,0.0,0,BTCUSD
2016-10-13,0.0,0,BTCUSD
2016-10-14,0.0,0,BTCUSD
2016-10-15,0.0,0,BTCUSD
2016-10-16,0.0,0,BTCUSD
2016-10-17,0.0,0,BTCUSD
2016-10-18,0.0,0,BTCUSD
2016-10-19,0.0,0,BTCUSD
2016-10-20,0.0,0,BTCUSD
2016-10-21,0.0,0,BTCUSD
2016-10-22,0.0,0,BTCUSD
2016-10-23,0.0,0,BTCUSD
2016-10-24,0.0,0,BTCUSD
2016-10-25,0.0,0,BTCUSD
2016-10-26,0.0,0,BTCUSD
2016-10-27,0.0,0,BTCUSD
2016-10-28,0.0,0,BTCUSD
2016-10-29,0.0,0,BTCUSD
2016-10-30,0.0,0,BTCUSD
2016-10-31,0.0,0,BTCUSD
2016-11-01,0.0,0,BTCUSD
2016-11-02,0.0,0,BTCUSD
2016-11-03,0.0,0,BTCUSD
2016-11-04,0.0,0,BTCUSD
2016-11-05,0.0,0,BTCUSD
2016-11-06,0.0,0,BTCUSD
2016-11-07,0.0,0,BTCUSD
2016-11-08,0.0,0,BTCUSD
2016-11-09,0.0,0,BTCUSD
2016-11-10,0.0,0,BTCUSD
2016-11-11,0.0,0,BTCUSD
2016-11-12,0.0,0,BTCUSD
2016-11-13,0.0,0,BTCUSD
2016-11-14,0.0,0,BTCUSD
2016-11-15,0.0,0,BTCUSD
2016-11-16,0.0,0,BTCUSD
2016-11-17,0.0,0,BTCUSD
2016-11-18,0.0,0,BTCUSD
2016-11-19,0.0,0,BTCUSD
2016-11-20,0.0,0,BTCUSD
2016-11-21,0.0,0,BTCUSD
2016-11-22,0.0,0,BTCUSD
2016-11-23,0.0,0,BTCUSD
2016-11-24,0.0,0,BTCUSD
2016-11-25,0.0,0,BTCUSD
2016-11-26,0.0,0,BTCUSD
2016-11-27,0.0,0,BTCUSD
2016-11-28,0.0,0,BTCUSD
2016-11-29,0.0,0,BTCUSD
2016-11-30,0.0,0,BTCUSD
2016-12-01,0.0,0,BTCUSD
2016-12-02,0.0,0,BTCUSD
2016-12-03,0.0,0,BTCUSD
2016-12-04,0.0,0,BTCUSD
2016-12-05,0.0,0,BTCUSD
2016-12-06,0.0,0,BTCUSD
2016-12-07,0.0,0,BTCUSD
2016-12-08,0.0,0,BTCUSD
2016-12-09,0.0,0,BTCUSD
2016-12-10,0.0,0,BTCUSD
2016-12-11,0.0,0,BTCUSD
2016-12-12,0.0,0,BTCUSD
2016-12-13,0.0,0,BTCUSD
2016-12-14,0.0,0,BTCUSD
2016-12-15,0.0,0,BTCUSD
2016-12-16,0.0,0,BTCUSD
2016-12-17,0.0,0,BTCUSD
2016-12-18,0.0,0,BTCUSD
2016-12-19,0.0,0,BTCUSD
2016-12-20,0.0,0,BTCUSD
2016-12-21,0.0,0,BTCUSD
2016-12-22,0.0,0,BTCUSD
2016-12-23,0.0,0,BTCUSD
2016-12-24,0.0,0,BTCUSD
2016-12-25,0.0,0,BTCUSD
2016-12-26,0.0,0,BTCUSD
2016-12-27,0.0,0,BTCUSD
2016-12-28,0.0,0,BTCUSD
2016-12-29,0.0,0,BTCUSD
2016-12-30,0.0,0,BTCUSD
2016-12-31,0.0,0,BTCUSD
2017-01-01,0.0,0,BTCUSD
2017-01-02,0.0,0,BTCUSD
2017-01-03,0.0,0,BTCUSD
2017-01-04,0.0,0,BTCUSD
2017-01-05,0.0,0,BTCUSD
2017-01-06,0.0,0,BTCUSD
2017-01-07,0.0,0,BTCUSD
2017-01-08,0.0,0,BTCUSD
2017-01-09,0.0,0,BTCUSD
2017-01-10,0.0,0,BTCUSD
2017-01-11,0.0,0,BTCUSD
2017-01-12,0.0,0,BTCUSD
2017-01-13,0.0,0,BTCUSD
2017-01-14,0.0,0,BTCUSD
2017-01-15,0.0,0,BTCUSD
2017-01-16,0.0,0,BTCUSD
2017-01-17,0.0,0,BTCUSD
2017-01-18,0.0,0,BTCUSD
2017-01-19,0.0,0,BTCUSD
2017-01-20,0.0,0,BTCUSD
2017-01-21,0.0,0,BTCUSD
2017-01-22,0.0,0,BTCUSD
2017-01-23,0.0,0,BTCUSD
2017-01-24,0.0,0,BTCUSD
2017-01-25,0.0,0,BTCUSD
2017-01-26,0.0,0,BTCUSD
2017-01-27,0.0,0,BTCUSD
2017-01-28,0.0,0,BTCUSD
2017-01-29,0.0,0,BTCUSD
2017-01-30,0.0,0,BTCUSD
2017-01-31,0.0,0,BTCUSD
2017-02-01,0.0,0,BTCUSD
2017-02-02,0.0,0,BTCUSD
2017-02-03,0.0,0,BTCUSD
2017-02-04,0.0,0,BTCUSD
2017-02-05,0.0,0,BTCUSD
2017-02-06,0.0,0,BTCUSD
2017-02-07,0.0,0,BTCUSD
2017-02-08,0.0,0,BTCUSD
2017-02-09,0.0,0,BTCUSD
2017-02-10,0.0,0,BTCUSD
2017-02-11,0.0,0,BTCUSD
2017-02-12,0.0,0,BTCUSD
2017-02-13,0.0,0,BTCUSD
2017-02-14,0.0,0,BTCUSD
2017-02-15,0.0,0,BTCUSD
2017-02-16,0.0,0,BTCUSD
2017-02-17,0.0,0,BTCUSD
2017-02-18,0.0,0,BTCUSD
2017-02-19,0.0,0,BTCUSD
2017-02-20,0.0,0,BTCUSD
2017-02-21,0.0,0,BTCUSD
2017-02-22,0.0,0,BTCUSD
2017-02-23,0.0,0,BTCUSD
2017-02-24,0.0,0,BTCUSD
2017-02-25,0.0,0,BTCUSD
2017-02-26,0.0,0,BTCUSD
2017-02-27,0.0,0,BTCUSD
2017-02-28,0.0,0,BTCUSD
2017-03-01,0.0,0,BTCUSD
2017-03-02,0.0,0,BTCUSD
2017-03-03,0.0,0,BTCUSD
2017-03-04,0.0,0,BTCUSD
2017-03-05,0.0,0,BTCUSD
2017-03-06,0.0,0,BTCUSD
2017-03-07,0.0,0,BTCUSD
2017-03-08,0.0,0,BTCUSD
2017-03-09,0.0,0,BTCUSD
2017-03-10,0.0,0,BTCUSD
2017-03-11,0.0,0,BTCUSD
2017-03-12,0.0,0,BTCUSD
2017-03-13,0.0,0,BTCUSD
2017-03-14,0.0,0,BTCUSD
2017-03-15,0.0,0,BTCUSD
2017-03-16,0.0,0,BTCUSD
2017-03-17,0.0,0,BTCUSD
2017-03-18,0.0,0,BTCUSD
2017-03-19,0.0,0,BTCUSD
2017-03-20,0.0,0,BTCUSD
2017-03-21,0.0,0,BTCUSD
2017-03-22,0.0,0,BTCUSD
2017-03-23,0.0,0,BTCUSD
2017-03-24,0.0,0,BTCUSD
2017-03-25,0.0,0,BTCUSD
2017-03-26,0.0,0,BTCUSD
2017-03-27,0.0,0,BTCUSD
2017-03-28,0.0,0,BTCUSD
2017-03-29,0.0,0,BTCUSD
2017-03-30,0.0,0,BTCUSD
2017-03-31,0.0,0,BTCUSD
2017-04-01,0.0,0,BTCUSD
2017-04-02,0.0,0,BTCUSD
2017-04-03,0.0,0,BTCUSD
2017-04-04,0.0,0,BTCUSD
2017-04-05,0.0,0,BTCUSD
2017-04-06,0.0,0,BTCUSD
2017-04-07,0.0,0,BTCUSD
2017-04-08,0.0,0,BTCUSD
2017-04-09,0.0,0,BTCUSD
2017-04-10,0.0,0,BTCUSD
2017-04-11,0.0,0,BTCUSD
2017-04-12,0.0,0,BTCUSD
2017-04-13,0.0,0,BTCUSD
2017-04-14,0.0,0,BTCUSD
2017-04-15,0.0,0,BTCUSD
2017-04-16,0.0,0,BTCUSD
2017-04-17,0.0,0,BTCUSD
2017-04-18,0.0,0,BTCUSD
2017-04-19,0.0,0,BTCUSD
2017-04-20,0.0,0,BTCUSD
2017-04-21,0.0,0,BTCUSD
2017-04-22,0.0,0,BTCUSD
2017-04-23,0.0,0,BTCUSD
2017-04-24,0.0,0,BTCUSD
2017-04-25,0.0,0,BTCUSD
2017-04-26,0.0,0,BTCUSD
2017-04-27,0.0,0,BTCUSD
2017-04-28,0.0,0,BTCUSD
2017-04-29,0.0,0,BTCUSD
2017-04-30,0.0,0,BTCUSD
2017-05-01,0.0,0,BTCUSD
2017-05-02,0.0,0,BTCUSD
2017-05-03,0.0,0,BTCUSD
2017-05-04,0.0,0,BTCUSD
2017-05-05,0.0,0,BTCUSD
2017-05-06,0.0,0,BTCUSD
2017-05-07,0.0,0,BTCUSD
2017-05-08,0.0,0,BTCUSD
2017-05-09,0.0,0,BTCUSD
2017-05-10,0.0,0,BTCUSD
2017-05-11,0.0,0,BTCUSD
2017-05-12,0.0,0,BTCUSD
2017-05-13,0.0,0,BTCUSD
2017-05-14,0.0,0,BTCUSD
2017-05-15,0.0,0,BTCUSD
2017-05-16,0.0,0,BTCUSD
2017-05-17,0.0,0,BTCUSD
2017-05-18,0.0,0,BTCUSD
2017-05-19,0.0,0,BTCUSD
2017-05-20,0.0,0,BTCUSD
2017-05-21,0.0,0,BTCUSD
2017-05-22,0.0,0,BTCUSD
2017-05-23,0.0,0,BTCUSD
2017-05-24,0.0,0,BTCUSD
2017-05-25,0.0,0,BTCUSD
2017-05-26,0.0,0,BTCUSD
2017-05-27,0.0,0,BTCUSD
2017-05-28,0.0,0,BTCUSD
2017-05-29,0.0,0,BTCUSD
2017-05-30,0.0,0,BTCUSD
2017-05-31,0.0,0,BTCUSD
2017-06-01,0.0,0,BTCUSD
2017-06-02,0.0,0,BTCUSD
2017-06-03,0.0,0,BTCUSD
2017-06-04,0.0,0,BTCUSD
2017-06-05,0.0,0,BTCUSD
2017-06-06,0.0,0,BTCUSD
2017-06-07,0.0,0,BTCUSD
2017-06-08,0.0,0,BTCUSD
2017-06-09,0.0,0,BTCUSD
2017-06-10,0.0,0,BTCUSD
2017-06-11,0.0,0,BTCUSD
2017-06-12,0.0,0,BTCUSD
2017-06-13,0.0,0,BTCUSD
2017-06-14,0.0,0,BTCUSD
2017-06-15,0.0,0,BTCUSD
2017-06-16,0.0,0,BTCUSD
2017-06-17,0.0,0,BTCUSD
2017-06-18,0.0,0,BTCUSD
2017-06-19,0.0,0,BTCUSD
2017-06-20,0.0,0,BTCUSD
2017-06-21,0.0,0,BTCUSD
2017-06-22,0.0,0,BTCUSD
2017-06-23,0.0,0,BTCUSD
2017-06-24,0.0,0,BTCUSD
2017-06-25,0.0,0,BTCUSD
2017-06-26,0.0,0,BTCUSD
2017-06-27,0.0,0,BTCUSD
2017-06-28,0.0,0,BTCUSD
2017-06-29,0.0,0,BTCUSD
2017-06-30,0.0,0,BTCUSD
2017-07-01,0.0,0,BTCUSD
2017-07-02,0.0,0,BTCUSD
2017-07-03,0.0,0,BTCUSD
2017-07-04,0.0,0,BTCUSD
2017-07-05,0.0,0,BTCUSD
2017-07-06,0.0,0,BTCUSD
2017-07-07,0.0,0,BTCUSD
2017-07-08,0.0,0,BTCUSD
2017-07-09,0.0,0,BTCUSD
2017-07-10,0.0,0,BTCUSD
2017-07-11,0.0,0,BTCUSD
2017-07-12,0.0,0,BTCUSD
2017-07-13,0.0,0,BTCUSD
2017-07-14,0.0,0,BTCUSD
2017-07-15,0.0,0,BTCUSD
2017-07-16,0.0,0,BTCUSD
2017-07-17,0.0,0,BTCUSD
2017-07-18,0.0,0,BTCUSD
2017-07-19,0.0,0,BTCUSD
2017-07-20,0.0,0,BTCUSD
2017-07-21,0.0,0,BTCUSD
2017-07-22,0.0,0,BTCUSD
2017-07-23,0.0,0,BTCUSD
2017-07-24,0.0,0,BTCUSD
2017-07-25,0.0,0,BTCUSD
2017-07-26,0.0,0,BTCUSD
2017-07-27,0.0,0,BTCUSD
2017-07-28,0.0,0,BTCUSD
2017-07-29,0.0,0,BTCUSD
2017-07-30,0.0,0,BTCUSD
2017-07-31,0.0,0,BTCUSD
2017-08-01,0.0,0,BTCUSD
2017-08-02,0.0,0,BTCUSD
2017-08-03,0.0,0,BTCUSD
2017-08-04,0.0,0,BTCUSD
2017-08-05,0.0,0,BTCUSD
2017-08-06,0.0,0,BTCUSD
2017-08-07,0.0,0,BTCUSD
2017-08-08,0.0,0,BTCUSD
2017-08-09,0.0,0,BTCUSD
2017-08-10,0.0,0,BTCUSD
2017-08-11,0.0,0,BTCUSD
2017-08-12,0.0,0,BTCUSD
2017-08-13,0.0,0,BTCUSD
2017-08-14,0.0,0,BTCUSD
2017-08-15,0.0,0,BTCUSD
2017-08-16,0.0,0,BTCUSD
2017-08-17,0.0,0,BTCUSD
2017-08-18,-992181.124,-242,BTCUSD
2017-08-19,-992065.4480000001,-242,BTCUSD
2017-08-20,-982052.698,-242,BTCUSD
2017-08-21,-968907.5819999999,-243,BTCUSD
2017-08-22,-996729.2640000001,-244,BTCUSD
2017-08-23,-994139.146,-242,BTCUSD
2017-08-24,-1036330.125,-241,BTCUSD
2017-08-25,-1027950.392,-236,BTCUSD
2017-08-26,-1013881.9859999999,-234,BTCUSD
2017-08-27,-1018999.2450000001,-235,BTCUSD
2017-08-28,-1029221.51,-235,BTCUSD
2017-08-29,-1066824.052,-233,BTCUSD
2017-08-30,-201220.272,-44,BTCUSD
2017-08-31,0.0,0,BTCUSD
2017-09-01,0.0,0,BTCUSD
2017-09-02,0.0,0,BTCUSD
2017-09-03,0.0,0,BTCUSD
2017-09-04,0.0,0,BTCUSD
2017-09-05,0.0,0,BTCUSD
2017-09-06,0.0,0,BTCUSD
2017-09-07,0.0,0,BTCUSD
2017-09-08,0.0,0,BTCUSD
2017-09-09,0.0,0,BTCUSD
2017-09-10,0.0,0,BTCUSD
2017-09-11,0.0,0,BTCUSD
2017-09-12,0.0,0,BTCUSD
2017-09-13,0.0,0,BTCUSD
2017-09-14,0.0,0,BTCUSD
2017-09-15,0.0,0,BTCUSD
2017-09-16,0.0,0,BTCUSD
2017-09-17,0.0,0,BTCUSD
2017-09-18,0.0,0,BTCUSD
2017-09-19,0.0,0,BTCUSD
2017-09-20,0.0,0,BTCUSD
2017-09-21,0.0,0,BTCUSD
2017-09-22,0.0,0,BTCUSD
2017-09-23,0.0,0,BTCUSD
2017-09-24,0.0,0,BTCUSD
2017-09-25,0.0,0,BTCUSD
2017-09-26,0.0,0,BTCUSD
2017-09-27,0.0,0,BTCUSD
2017-09-28,0.0,0,BTCUSD
2017-09-29,0.0,0,BTCUSD
2017-09-30,0.0,0,BTCUSD
2017-10-01,0.0,0,BTCUSD
2017-10-02,0.0,0,BTCUSD
2017-10-03,0.0,0,BTCUSD
2017-10-04,0.0,0,BTCUSD
2017-10-05,0.0,0,BTCUSD
2017-10-06,0.0,0,BTCUSD
2017-10-07,0.0,0,BTCUSD
2017-10-08,0.0,0,BTCUSD
2017-10-09,0.0,0,BTCUSD
2017-10-10,0.0,0,BTCUSD
2017-10-11,0.0,0,BTCUSD
2017-10-12,0.0,0,BTCUSD
2017-10-13,0.0,0,BTCUSD
2017-10-14,0.0,0,BTCUSD
2017-10-15,0.0,0,BTCUSD
2017-10-16,0.0,0,BTCUSD
2017-10-17,0.0,0,BTCUSD
2017-10-18,0.0,0,BTCUSD
2017-10-19,0.0,0,BTCUSD
2017-10-20,0.0,0,BTCUSD
2017-10-21,0.0,0,BTCUSD
2017-10-22,0.0,0,BTCUSD
2017-10-23,0.0,0,BTCUSD
2017-10-24,0.0,0,BTCUSD
2017-10-25,0.0,0,BTCUSD
2017-10-26,0.0,0,BTCUSD
2017-10-27,0.0,0,BTCUSD
2017-10-28,0.0,0,BTCUSD
2017-10-29,0.0,0,BTCUSD
2017-10-30,0.0,0,BTCUSD
2017-10-31,0.0,0,BTCUSD
2017-11-01,0.0,0,BTCUSD
2017-11-02,0.0,0,BTCUSD
2017-11-03,0.0,0,BTCUSD
2017-11-04,0.0,0,BTCUSD
2017-11-05,0.0,0,BTCUSD
2017-11-06,0.0,0,BTCUSD
2017-11-07,0.0,0,BTCUSD
2017-11-08,0.0,0,BTCUSD
2017-11-09,0.0,0,BTCUSD
2017-11-10,0.0,0,BTCUSD
2017-11-11,0.0,0,BTCUSD
2017-11-12,0.0,0,BTCUSD
2017-11-13,0.0,0,BTCUSD
2017-11-14,0.0,0,BTCUSD
2017-11-15,0.0,0,BTCUSD
2017-11-16,0.0,0,BTCUSD
2017-11-17,0.0,0,BTCUSD
2017-11-18,0.0,0,BTCUSD
2017-11-19,0.0,0,BTCUSD
2017-11-20,0.0,0,BTCUSD
2017-11-21,0.0,0,BTCUSD
2017-11-22,0.0,0,BTCUSD
2017-11-23,0.0,0,BTCUSD
2017-11-24,0.0,0,BTCUSD
2017-11-25,0.0,0,BTCUSD
2017-11-26,0.0,0,BTCUSD
2017-11-27,0.0,0,BTCUSD
2017-11-28,0.0,0,BTCUSD
2017-11-29,0.0,0,BTCUSD
2017-11-30,0.0,0,BTCUSD
2017-12-01,0.0,0,BTCUSD
2017-12-02,0.0,0,BTCUSD
2017-12-03,0.0,0,BTCUSD
2017-12-04,0.0,0,BTCUSD
2017-12-05,0.0,0,BTCUSD
2017-12-06,0.0,0,BTCUSD
2017-12-07,0.0,0,BTCUSD
2017-12-08,0.0,0,BTCUSD
2017-12-09,0.0,0,BTCUSD
2017-12-10,0.0,0,BTCUSD
2017-12-11,0.0,0,BTCUSD
2017-12-12,0.0,0,BTCUSD
2017-12-13,0.0,0,BTCUSD
2017-12-14,0.0,0,BTCUSD
2017-12-15,0.0,0,BTCUSD
2017-12-16,0.0,0,BTCUSD
2017-12-17,0.0,0,BTCUSD
2017-12-18,0.0,0,BTCUSD
2017-12-19,0.0,0,BTCUSD
2017-12-20,0.0,0,BTCUSD
2017-12-21,0.0,0,BTCUSD
2017-12-22,0.0,0,BTCUSD
2017-12-23,0.0,0,BTCUSD
2017-12-24,0.0,0,BTCUSD
2017-12-25,0.0,0,BTCUSD
2017-12-26,0.0,0,BTCUSD
2017-12-27,0.0,0,BTCUSD
2017-12-28,0.0,0,BTCUSD
2017-12-29,0.0,0,BTCUSD
2017-12-30,0.0,0,BTCUSD
2017-12-31,0.0,0,BTCUSD
2018-01-01,0.0,0,BTCUSD
2018-01-02,0.0,0,BTCUSD
2018-01-03,0.0,0,BTCUSD
2018-01-04,0.0,0,BTCUSD
2018-01-05,0.0,0,BTCUSD
2018-01-06,0.0,0,BTCUSD
2018-01-07,0.0,0,BTCUSD
2018-01-08,0.0,0,BTCUSD
2018-01-09,0.0,0,BTCUSD
2018-01-10,0.0,0,BTCUSD
2018-01-11,0.0,0,BTCUSD
2018-01-12,0.0,0,BTCUSD
2018-01-13,0.0,0,BTCUSD
2018-01-14,0.0,0,BTCUSD
2018-01-15,0.0,0,BTCUSD
2018-01-16,0.0,0,BTCUSD
2018-01-17,0.0,0,BTCUSD
2018-01-18,0.0,0,BTCUSD
2018-01-19,0.0,0,BTCUSD
2018-01-20,0.0,0,BTCUSD
2018-01-21,0.0,0,BTCUSD
2018-01-22,0.0,0,BTCUSD
2018-01-23,0.0,0,BTCUSD
2018-01-24,0.0,0,BTCUSD
2018-01-25,0.0,0,BTCUSD
2018-01-26,0.0,0,BTCUSD
2018-01-27,0.0,0,BTCUSD
2018-01-28,0.0,0,BTCUSD
2018-01-29,0.0,0,BTCUSD
2018-01-30,0.0,0,BTCUSD
2018-01-31,0.0,0,BTCUSD
2018-02-01,0.0,0,BTCUSD
2018-02-02,0.0,0,BTCUSD
2018-02-03,0.0,0,BTCUSD
2018-02-04,0.0,0,BTCUSD
2018-02-05,0.0,0,BTCUSD
2018-02-06,0.0,0,BTCUSD
2018-02-07,0.0,0,BTCUSD
2018-02-08,0.0,0,BTCUSD
2018-02-09,0.0,0,BTCUSD
2018-02-10,0.0,0,BTCUSD
2018-02-11,0.0,0,BTCUSD
2018-02-12,0.0,0,BTCUSD
2018-02-13,0.0,0,BTCUSD
2018-02-14,0.0,0,BTCUSD
2018-02-15,0.0,0,BTCUSD
2018-02-16,0.0,0,BTCUSD
2018-02-17,0.0,0,BTCUSD
2018-02-18,0.0,0,BTCUSD
2018-02-19,0.0,0,BTCUSD
2018-02-20,0.0,0,BTCUSD
2018-02-21,0.0,0,BTCUSD
2018-02-22,0.0,0,BTCUSD
2018-02-23,0.0,0,BTCUSD
2018-02-24,0.0,0,BTCUSD
2018-02-25,0.0,0,BTCUSD
2018-02-26,0.0,0,BTCUSD
2018-02-27,0.0,0,BTCUSD
2018-02-28,0.0,0,BTCUSD
2018-03-01,0.0,0,BTCUSD
2018-03-02,0.0,0,BTCUSD
2018-03-03,0.0,0,BTCUSD
2018-03-04,0.0,0,BTCUSD
2018-03-05,0.0,0,BTCUSD
2018-03-06,0.0,0,BTCUSD
2018-03-07,0.0,0,BTCUSD
2018-03-08,0.0,0,BTCUSD
2018-03-09,0.0,0,BTCUSD
2018-03-10,0.0,0,BTCUSD
2018-03-11,0.0,0,BTCUSD
2018-03-12,0.0,0,BTCUSD
2018-03-13,0.0,0,BTCUSD
2018-03-14,0.0,0,BTCUSD
2018-03-15,0.0,0,BTCUSD
2018-03-16,0.0,0,BTCUSD
2018-03-17,0.0,0,BTCUSD
2018-03-18,0.0,0,BTCUSD
2018-03-19,0.0,0,BTCUSD
2018-03-20,0.0,0,BTCUSD
2018-03-21,0.0,0,BTCUSD
2018-03-22,0.0,0,BTCUSD
2018-03-23,0.0,0,BTCUSD
2018-03-24,0.0,0,BTCUSD
2018-03-25,0.0,0,BTCUSD
2018-03-26,0.0,0,BTCUSD
2018-03-27,0.0,0,BTCUSD
2018-03-28,0.0,0,BTCUSD
2018-03-29,0.0,0,BTCUSD
2018-03-30,0.0,0,BTCUSD
2018-03-31,0.0,0,BTCUSD
2018-04-01,0.0,0,BTCUSD
2018-04-02,0.0,0,BTCUSD
2018-04-03,0.0,0,BTCUSD
2018-04-04,0.0,0,BTCUSD
2018-04-05,0.0,0,BTCUSD
2018-04-06,0.0,0,BTCUSD
2018-04-07,0.0,0,BTCUSD
2018-04-08,0.0,0,BTCUSD
2018-04-09,0.0,0,BTCUSD
2018-04-10,0.0,0,BTCUSD
2018-04-11,0.0,0,BTCUSD
2018-04-12,0.0,0,BTCUSD
2018-04-13,0.0,0,BTCUSD
2018-04-14,0.0,0,BTCUSD
2018-04-15,0.0,0,BTCUSD
2018-04-16,0.0,0,BTCUSD
2018-04-17,0.0,0,BTCUSD
2018-04-18,0.0,0,BTCUSD
2018-04-19,0.0,0,BTCUSD
2018-04-20,0.0,0,BTCUSD
2018-04-21,0.0,0,BTCUSD
2018-04-22,0.0,0,BTCUSD
2018-04-23,0.0,0,BTCUSD
2018-04-24,0.0,0,BTCUSD
2018-04-25,0.0,0,BTCUSD
2018-04-26,0.0,0,BTCUSD
2018-04-27,0.0,0,BTCUSD
2018-04-28,0.0,0,BTCUSD
2018-04-29,0.0,0,BTCUSD
2018-04-30,0.0,0,BTCUSD
2018-05-01,0.0,0,BTCUSD
2018-05-02,0.0,0,BTCUSD
2018-05-03,0.0,0,BTCUSD
2018-05-04,0.0,0,BTCUSD
2018-05-05,0.0,0,BTCUSD
2018-05-06,0.0,0,BTCUSD
2018-05-07,0.0,0,BTCUSD
2018-05-08,0.0,0,BTCUSD
2018-05-09,0.0,0,BTCUSD
2018-05-10,0.0,0,BTCUSD
2018-05-11,0.0,0,BTCUSD
2018-05-12,0.0,0,BTCUSD
2018-05-13,0.0,0,BTCUSD
2018-05-14,0.0,0,BTCUSD
2018-05-15,0.0,0,BTCUSD
2018-05-16,0.0,0,BTCUSD
2018-05-17,0.0,0,BTCUSD
2018-05-18,0.0,0,BTCUSD
2018-05-19,0.0,0,BTCUSD
2018-05-20,0.0,0,BTCUSD
2018-05-21,0.0,0,BTCUSD
2018-05-22,0.0,0,BTCUSD
2018-05-23,0.0,0,BTCUSD
2018-05-24,0.0,0,BTCUSD
2018-05-25,0.0,0,BTCUSD
2018-05-26,0.0,0,BTCUSD
2018-05-27,0.0,0,BTCUSD
2018-05-28,0.0,0,BTCUSD
2018-05-29,0.0,0,BTCUSD
2018-05-30,0.0,0,BTCUSD
2018-05-31,0.0,0,BTCUSD
2018-06-01,0.0,0,BTCUSD
2018-06-02,0.0,0,BTCUSD
2018-06-03,0.0,0,BTCUSD
2018-06-04,0.0,0,BTCUSD
2018-06-05,0.0,0,BTCUSD
2018-06-06,0.0,0,BTCUSD
2018-06-07,0.0,0,BTCUSD
2018-06-08,0.0,0,BTCUSD
2018-06-09,0.0,0,BTCUSD
2018-06-10,0.0,0,BTCUSD
2018-06-11,0.0,0,BTCUSD
2018-06-12,0.0,0,BTCUSD
2018-06-13,0.0,0,BTCUSD
2018-06-14,0.0,0,BTCUSD
2018-06-15,0.0,0,BTCUSD
2018-06-16,0.0,0,BTCUSD
2018-06-17,0.0,0,BTCUSD
2018-06-18,0.0,0,BTCUSD
2018-06-19,0.0,0,BTCUSD
2018-06-20,0.0,0,BTCUSD
2018-06-21,0.0,0,BTCUSD
2018-06-22,0.0,0,BTCUSD
2018-06-23,0.0,0,BTCUSD
2018-06-24,0.0,0,BTCUSD
2018-06-25,0.0,0,BTCUSD
2018-06-26,0.0,0,BTCUSD
2018-06-27,0.0,0,BTCUSD
2018-06-28,0.0,0,BTCUSD
2018-06-29,0.0,0,BTCUSD
2018-06-30,0.0,0,BTCUSD
2018-07-01,0.0,0,BTCUSD
2018-07-02,0.0,0,BTCUSD
2018-07-03,0.0,0,BTCUSD
2018-07-04,0.0,0,BTCUSD
2018-07-05,0.0,0,BTCUSD
2018-07-06,0.0,0,BTCUSD
2018-07-07,0.0,0,BTCUSD
2018-07-08,0.0,0,BTCUSD
2018-07-09,0.0,0,BTCUSD
2018-07-10,0.0,0,BTCUSD
2018-07-11,0.0,0,BTCUSD
2018-07-12,0.0,0,BTCUSD
2018-07-13,0.0,0,BTCUSD
2018-07-14,0.0,0,BTCUSD
2018-07-15,0.0,0,BTCUSD
2018-07-16,0.0,0,BTCUSD
2018-07-17,0.0,0,BTCUSD
2018-07-18,0.0,0,BTCUSD
2018-07-19,0.0,0,BTCUSD
2018-07-20,0.0,0,BTCUSD
2018-07-21,0.0,0,BTCUSD
2018-07-22,0.0,0,BTCUSD
2018-07-23,0.0,0,BTCUSD
2018-07-24,0.0,0,BTCUSD
2018-07-25,0.0,0,BTCUSD
2018-07-26,0.0,0,BTCUSD
2018-07-27,0.0,0,BTCUSD
2018-07-28,0.0,0,BTCUSD
2018-07-29,0.0,0,BTCUSD
2018-07-30,0.0,0,BTCUSD
2018-07-31,0.0,0,BTCUSD
2018-08-01,0.0,0,BTCUSD
2018-08-02,0.0,0,BTCUSD
2018-08-03,0.0,0,BTCUSD
2018-08-04,0.0,0,BTCUSD
2018-08-05,0.0,0,BTCUSD
2018-08-06,0.0,0,BTCUSD
2018-08-07,0.0,0,BTCUSD
2018-08-08,0.0,0,BTCUSD
2018-08-09,0.0,0,BTCUSD
2018-08-10,0.0,0,BTCUSD
2018-08-11,0.0,0,BTCUSD
2018-08-12,0.0,0,BTCUSD
2018-08-13,0.0,0,BTCUSD
2018-08-14,0.0,0,BTCUSD
2018-08-15,0.0,0,BTCUSD
2018-08-16,0.0,0,BTCUSD
2018-08-17,0.0,0,BTCUSD
2018-08-18,0.0,0,BTCUSD
2018-08-19,0.0,0,BTCUSD
2018-08-20,0.0,0,BTCUSD
2018-08-21,0.0,0,BTCUSD
2018-08-22,0.0,0,BTCUSD
2018-08-23,0.0,0,BTCUSD
2018-08-24,0.0,0,BTCUSD
2018-08-25,0.0,0,BTCUSD
2018-08-26,0.0,0,BTCUSD
2018-08-27,0.0,0,BTCUSD
2018-08-28,0.0,0,BTCUSD
2018-08-29,0.0,0,BTCUSD
2018-08-30,0.0,0,BTCUSD
2018-08-31,0.0,0,BTCUSD
2018-09-01,0.0,0,BTCUSD
2018-09-02,0.0,0,BTCUSD
2018-09-03,0.0,0,BTCUSD
2018-09-04,0.0,0,BTCUSD
2018-09-05,0.0,0,BTCUSD
2018-09-06,0.0,0,BTCUSD
2018-09-07,0.0,0,BTCUSD
2018-09-08,0.0,0,BTCUSD
2018-09-09,0.0,0,BTCUSD
2018-09-10,0.0,0,BTCUSD
2018-09-11,0.0,0,BTCUSD
2018-09-12,0.0,0,BTCUSD
2018-09-13,0.0,0,BTCUSD
2018-09-14,0.0,0,BTCUSD
2018-09-15,0.0,0,BTCUSD
2018-09-16,0.0,0,BTCUSD
2018-09-17,0.0,0,BTCUSD
2018-09-18,0.0,0,BTCUSD
2018-09-19,0.0,0,BTCUSD
2018-09-20,0.0,0,BTCUSD
2018-09-21,0.0,0,BTCUSD
2018-09-22,0.0,0,BTCUSD
2018-09-23,0.0,0,BTCUSD
2018-09-24,0.0,0,BTCUSD
2018-09-25,0.0,0,BTCUSD
2018-09-26,0.0,0,BTCUSD
2018-09-27,0.0,0,BTCUSD
2018-09-28,0.0,0,BTCUSD
2018-09-29,0.0,0,BTCUSD
2018-09-30,0.0,0,BTCUSD
2018-10-01,0.0,0,BTCUSD
2018-10-02,0.0,0,BTCUSD
2018-10-03,0.0,0,BTCUSD
2018-10-04,0.0,0,BTCUSD
2018-10-05,0.0,0,BTCUSD
2018-10-06,0.0,0,BTCUSD
2018-10-07,0.0,0,BTCUSD
2018-10-08,0.0,0,BTCUSD
2018-10-09,0.0,0,BTCUSD
2018-10-10,0.0,0,BTCUSD
2018-10-11,0.0,0,BTCUSD
2018-10-12,0.0,0,BTCUSD
2018-10-13,0.0,0,BTCUSD
2018-10-14,0.0,0,BTCUSD
2018-10-15,0.0,0,BTCUSD
2018-10-16,0.0,0,BTCUSD
2018-10-17,0.0,0,BTCUSD
2018-10-18,0.0,0,BTCUSD
2018-10-19,0.0,0,BTCUSD
2018-10-20,0.0,0,BTCUSD
2018-10-21,0.0,0,BTCUSD
2018-10-22,0.0,0,BTCUSD
2018-10-23,0.0,0,BTCUSD
2018-10-24,0.0,0,BTCUSD
2018-10-25,0.0,0,BTCUSD
2018-10-26,0.0,0,BTCUSD
2018-10-27,0.0,0,BTCUSD
2018-10-28,0.0,0,BTCUSD
2018-10-29,0.0,0,BTCUSD
2018-10-30,0.0,0,BTCUSD
2018-10-31,0.0,0,BTCUSD
2018-11-01,0.0,0,BTCUSD
2018-11-02,0.0,0,BTCUSD
2018-11-03,0.0,0,BTCUSD
2018-11-04,0.0,0,BTCUSD
2018-11-05,0.0,0,BTCUSD
2018-11-06,0.0,0,BTCUSD
2018-11-07,0.0,0,BTCUSD
2018-11-08,0.0,0,BTCUSD
2018-11-09,0.0,0,BTCUSD
2018-11-10,0.0,0,BTCUSD
2018-11-11,0.0,0,BTCUSD
2018-11-12,0.0,0,BTCUSD
2018-11-13,0.0,0,BTCUSD
2018-11-14,0.0,0,BTCUSD
2018-11-15,0.0,0,BTCUSD
2018-11-16,0.0,0,BTCUSD
2018-11-17,0.0,0,BTCUSD
2018-11-18,0.0,0,BTCUSD
2018-11-19,0.0,0,BTCUSD
2018-11-20,0.0,0,BTCUSD
2018-11-21,0.0,0,BTCUSD
2018-11-22,0.0,0,BTCUSD
2018-11-23,0.0,0,BTCUSD
2018-11-24,0.0,0,BTCUSD
2018-11-25,0.0,0,BTCUSD
2018-11-26,0.0,0,BTCUSD
2018-11-27,0.0,0,BTCUSD
2018-11-28,0.0,0,BTCUSD
2018-11-29,0.0,0,BTCUSD
2018-11-30,0.0,0,BTCUSD
2018-12-01,0.0,0,BTCUSD
2018-12-02,0.0,0,BTCUSD
2018-12-03,0.0,0,BTCUSD
2018-12-04,0.0,0,BTCUSD
2018-12-05,0.0,0,BTCUSD
2018-12-06,0.0,0,BTCUSD
2018-12-07,0.0,0,BTCUSD
2018-12-08,1023100.407,303,BTCUSD
2018-12-09,1026583.4660000001,302,BTCUSD
2018-12-10,1030456.0279999999,292,BTCUSD
2018-12-11,1022037.8999999999,300,BTCUSD
2018-12-12,1013713.4670000001,303,BTCUSD
2018-12-13,1025696.477,299,BTCUSD
2018-12-14,1001955.2860000001,307,BTCUSD
2018-12-15,990433.88,310,BTCUSD
2018-12-16,986320.8,310,BTCUSD
2018-12-17,989372.44,310,BTCUSD
2018-12-18,1067360.005,305,BTCUSD
2018-12-19,62341.72403699235,17,BTCUSD
2018-12-20,0.0,0,BTCUSD
2018-12-21,0.0,0,BTCUSD
2018-12-22,0.0,0,BTCUSD
2018-12-23,0.0,0,BTCUSD
2018-12-24,0.0,0,BTCUSD
2018-12-25,0.0,0,BTCUSD
2018-12-26,0.0,0,BTCUSD
2018-12-27,0.0,0,BTCUSD
2018-12-28,251318.90000000002,70,BTCUSD
2018-12-29,0.0,0,BTCUSD
2018-12-30,0.0,0,BTCUSD
2018-12-31,0.0,0,BTCUSD
2019-01-01,0.0,0,BTCUSD
2019-01-02,0.0,0,BTCUSD
2019-01-03,0.0,0,BTCUSD
2019-01-04,0.0,0,BTCUSD
2019-01-05,0.0,0,BTCUSD
2019-01-06,0.0,0,BTCUSD
2019-01-07,0.0,0,BTCUSD
2019-01-08,0.0,0,BTCUSD
2019-01-09,0.0,0,BTCUSD
2019-01-10,0.0,0,BTCUSD
2019-01-11,0.0,0,BTCUSD
2019-01-12,0.0,0,BTCUSD
2019-01-13,0.0,0,BTCUSD
2019-01-14,260261.7,74,BTCUSD
2019-01-15,0.0,0,BTCUSD
2019-01-16,0.0,0,BTCUSD
2019-01-17,0.0,0,BTCUSD
2019-01-18,0.0,0,BTCUSD
2019-01-19,0.0,0,BTCUSD
2019-01-20,0.0,0,BTCUSD
2019-01-21,0.0,0,BTCUSD
2019-01-22,0.0,0,BTCUSD
2019-01-23,0.0,0,BTCUSD
2019-01-24,0.0,0,BTCUSD
2019-01-25,0.0,0,BTCUSD
2019-01-26,0.0,0,BTCUSD
2019-01-27,0.0,0,BTCUSD
2019-01-28,0.0,0,BTCUSD
2019-01-29,301970.24,88,BTCUSD
2019-01-30,142433.256,42,BTCUSD
2019-01-31,0.0,0,BTCUSD
2019-02-01,0.0,0,BTCUSD
2019-02-02,0.0,0,BTCUSD
2019-02-03,0.0,0,BTCUSD
2019-02-04,0.0,0,BTCUSD
2019-02-05,0.0,0,BTCUSD
2019-02-06,0.0,0,BTCUSD
2019-02-07,0.0,0,BTCUSD
2019-02-08,0.0,0,BTCUSD
2019-02-09,0.0,0,BTCUSD
2019-02-10,0.0,0,BTCUSD
2019-02-11,0.0,0,BTCUSD
2019-02-12,0.0,0,BTCUSD
2019-02-13,0.0,0,BTCUSD
2019-02-14,0.0,0,BTCUSD
2019-02-15,0.0,0,BTCUSD
2019-02-16,0.0,0,BTCUSD
2019-02-17,0.0,0,BTCUSD
2019-02-18,0.0,0,BTCUSD
2019-02-19,0.0,0,BTCUSD
2019-02-20,0.0,0,BTCUSD
2019-02-21,0.0,0,BTCUSD
2019-02-22,0.0,0,BTCUSD
2019-02-23,0.0,0,BTCUSD
2019-02-24,0.0,0,BTCUSD
2019-02-25,0.0,0,BTCUSD
2019-02-26,0.0,0,BTCUSD
2019-02-27,0.0,0,BTCUSD
2019-02-28,0.0,0,BTCUSD
2019-03-01,0.0,0,BTCUSD
2019-03-02,0.0,0,BTCUSD
2019-03-03,0.0,0,BTCUSD
2019-03-04,0.0,0,BTCUSD
2019-03-05,0.0,0,BTCUSD
2019-03-06,0.0,0,BTCUSD
2019-03-07,0.0,0,BTCUSD
2019-03-08,0.0,0,BTCUSD
2019-03-09,0.0,0,BTCUSD
2019-03-10,0.0,0,BTCUSD
2019-03-11,0.0,0,BTCUSD
2019-03-12,0.0,0,BTCUSD
2019-03-13,0.0,0,BTCUSD
2019-03-14,0.0,0,BTCUSD
2019-03-15,0.0,0,BTCUSD
2019-03-16,0.0,0,BTCUSD
2019-03-17,0.0,0,BTCUSD
2019-03-18,0.0,0,BTCUSD
2019-03-19,0.0,0,BTCUSD
2019-03-20,0.0,0,BTCUSD
2019-03-21,0.0,0,BTCUSD
2019-03-22,0.0,0,BTCUSD
2019-03-23,0.0,0,BTCUSD
2019-03-24,0.0,0,BTCUSD
2019-03-25,0.0,0,BTCUSD
2019-03-26,0.0,0,BTCUSD
2019-03-27,0.0,0,BTCUSD
2019-03-28,0.0,0,BTCUSD
2019-03-29,0.0,0,BTCUSD
2019-03-30,0.0,0,BTCUSD
2019-03-31,0.0,0,BTCUSD
2019-04-01,0.0,0,BTCUSD
2019-04-02,0.0,0,BTCUSD
2019-04-03,0.0,0,BTCUSD
2019-04-04,0.0,0,BTCUSD
2019-04-05,0.0,0,BTCUSD
2019-04-06,0.0,0,BTCUSD
2019-04-07,0.0,0,BTCUSD
2019-04-08,0.0,0,BTCUSD
2019-04-09,0.0,0,BTCUSD
2019-04-10,0.0,0,BTCUSD
2019-04-11,0.0,0,BTCUSD
2019-04-12,0.0,0,BTCUSD
2019-04-13,0.0,0,BTCUSD
2019-04-14,0.0,0,BTCUSD
2019-04-15,0.0,0,BTCUSD
2019-04-16,0.0,0,BTCUSD
2019-04-17,0.0,0,BTCUSD
2019-04-18,0.0,0,BTCUSD
2019-04-19,0.0,0,BTCUSD
2019-04-20,0.0,0,BTCUSD
2019-04-21,0.0,0,BTCUSD
2019-04-22,0.0,0,BTCUSD
2019-04-23,0.0,0,BTCUSD
2019-04-24,0.0,0,BTCUSD
2019-04-25,0.0,0,BTCUSD
2019-04-26,0.0,0,BTCUSD
2019-04-27,0.0,0,BTCUSD
2019-04-28,0.0,0,BTCUSD
2019-04-29,0.0,0,BTCUSD
2019-04-30,0.0,0,BTCUSD
2019-05-01,0.0,0,BTCUSD
2019-05-02,0.0,0,BTCUSD
2019-05-03,0.0,0,BTCUSD
2019-05-04,0.0,0,BTCUSD
2019-05-05,0.0,0,BTCUSD
2019-05-06,0.0,0,BTCUSD
2019-05-07,0.0,0,BTCUSD
2019-05-08,0.0,0,BTCUSD
2019-05-09,0.0,0,BTCUSD
2019-05-10,0.0,0,BTCUSD
2019-05-11,0.0,0,BTCUSD
2019-05-12,0.0,0,BTCUSD
2019-05-13,0.0,0,BTCUSD
2019-05-14,0.0,0,BTCUSD
2019-05-15,0.0,0,BTCUSD
2019-05-16,0.0,0,BTCUSD
2019-05-17,0.0,0,BTCUSD
2019-05-18,0.0,0,BTCUSD
2019-05-19,0.0,0,BTCUSD
2019-05-20,0.0,0,BTCUSD
2019-05-21,0.0,0,BTCUSD
2019-05-22,0.0,0,BTCUSD
2019-05-23,0.0,0,BTCUSD
2019-05-24,0.0,0,BTCUSD
2019-05-25,0.0,0,BTCUSD
2019-05-26,0.0,0,BTCUSD
2019-05-27,0.0,0,BTCUSD
2019-05-28,0.0,0,BTCUSD
2019-05-29,0.0,0,BTCUSD
2019-05-30,0.0,0,BTCUSD
2019-05-31,0.0,0,BTCUSD
2019-06-01,0.0,0,BTCUSD
2019-06-02,0.0,0,BTCUSD
2019-06-03,0.0,0,BTCUSD
2019-06-04,0.0,0,BTCUSD
2019-06-05,0.0,0,BTCUSD
2019-06-06,0.0,0,BTCUSD
2019-06-07,0.0,0,BTCUSD
2019-06-08,0.0,0,BTCUSD
2019-06-09,0.0,0,BTCUSD
2019-06-10,0.0,0,BTCUSD
2019-06-11,0.0,0,BTCUSD
2019-06-12,0.0,0,BTCUSD
2019-06-13,0.0,0,BTCUSD
2019-06-14,0.0,0,BTCUSD
2019-06-15,0.0,0,BTCUSD
2019-06-16,0.0,0,BTCUSD
2019-06-17,0.0,0,BTCUSD
2019-06-18,0.0,0,BTCUSD
2019-06-19,0.0,0,BTCUSD
2019-06-20,0.0,0,BTCUSD
2019-06-21,0.0,0,BTCUSD
2019-06-22,0.0,0,BTCUSD
2019-06-23,0.0,0,BTCUSD
2019-06-24,0.0,0,BTCUSD
2019-06-25,-3560333.931,-303,BTCUSD
2019-06-26,-3914898.168,-303,BTCUSD
2019-06-27,-3357252.262,-301,BTCUSD
2019-06-28,-3805061.2600000002,-308,BTCUSD
2019-06-29,-3557373.3,-300,BTCUSD
2019-06-30,-3281639.57,-305,BTCUSD
2019-07-01,-3363557.8680000002,-318,BTCUSD
2019-07-02,-3475989.9089999995,-321,BTCUSD
2019-07-03,-3781607.3920000005,-316,BTCUSD
2019-07-04,-3287941.6750000003,-295,BTCUSD
2019-07-05,-3431089.896,-312,BTCUSD
2019-07-06,-2809718.0,-250,BTCUSD
2019-07-07,0.0,0,BTCUSD
2019-07-08,0.0,0,BTCUSD
2019-07-09,0.0,0,BTCUSD
2019-07-10,0.0,0,BTCUSD
2019-07-11,0.0,0,BTCUSD
2019-07-12,0.0,0,BTCUSD
2019-07-13,0.0,0,BTCUSD
2019-07-14,0.0,0,BTCUSD
2019-07-15,0.0,0,BTCUSD
2019-07-16,0.0,0,BTCUSD
2019-07-17,0.0,0,BTCUSD
2019-07-18,0.0,0,BTCUSD
2019-07-19,0.0,0,BTCUSD
2019-07-20,0.0,0,BTCUSD
2019-07-21,0.0,0,BTCUSD
2019-07-22,0.0,0,BTCUSD
2019-07-23,0.0,0,BTCUSD
2019-07-24,0.0,0,BTCUSD
2019-07-25,0.0,0,BTCUSD
2019-07-26,0.0,0,BTCUSD
2019-07-27,0.0,0,BTCUSD
2019-07-28,0.0,0,BTCUSD
2019-07-29,0.0,0,BTCUSD
2019-07-30,0.0,0,BTCUSD
2019-07-31,0.0,0,BTCUSD
2019-08-01,0.0,0,BTCUSD
2019-08-02,0.0,0,BTCUSD
2019-08-03,0.0,0,BTCUSD
2019-08-04,0.0,0,BTCUSD
2019-08-05,0.0,0,BTCUSD
2019-08-06,0.0,0,BTCUSD
2019-08-07,0.0,0,BTCUSD
2019-08-08,0.0,0,BTCUSD
2019-08-09,0.0,0,BTCUSD
2019-08-10,0.0,0,BTCUSD
2019-08-11,0.0,0,BTCUSD
2019-08-12,0.0,0,BTCUSD
2019-08-13,0.0,0,BTCUSD
2019-08-14,0.0,0,BTCUSD
2019-08-15,0.0,0,BTCUSD
2019-08-16,0.0,0,BTCUSD
2019-08-17,0.0,0,BTCUSD
2019-08-18,0.0,0,BTCUSD
2019-08-19,0.0,0,BTCUSD
2019-08-20,0.0,0,BTCUSD
2019-08-21,0.0,0,BTCUSD
2019-08-22,0.0,0,BTCUSD
2019-08-23,0.0,0,BTCUSD
2019-08-24,0.0,0,BTCUSD
2019-08-25,0.0,0,BTCUSD
2019-08-26,0.0,0,BTCUSD
2019-08-27,0.0,0,BTCUSD
2019-08-28,0.0,0,BTCUSD
2019-08-29,0.0,0,BTCUSD
2019-08-30,0.0,0,BTCUSD
2019-08-31,0.0,0,BTCUSD
2019-09-01,0.0,0,BTCUSD
2019-09-02,0.0,0,BTCUSD
2019-09-03,0.0,0,BTCUSD
2019-09-04,0.0,0,BTCUSD
2019-09-05,0.0,0,BTCUSD
2019-09-06,0.0,0,BTCUSD
2019-09-07,0.0,0,BTCUSD
2019-09-08,0.0,0,BTCUSD
2019-09-09,0.0,0,BTCUSD
2019-09-10,0.0,0,BTCUSD
2019-09-11,0.0,0,BTCUSD
2019-09-12,0.0,0,BTCUSD
2019-09-13,0.0,0,BTCUSD
2019-09-14,0.0,0,BTCUSD
2019-09-15,0.0,0,BTCUSD
2019-09-16,0.0,0,BTCUSD
2019-09-17,0.0,0,BTCUSD
2019-09-18,0.0,0,BTCUSD
2019-09-19,0.0,0,BTCUSD
2019-09-20,0.0,0,BTCUSD
2019-09-21,0.0,0,BTCUSD
2019-09-22,0.0,0,BTCUSD
2019-09-23,0.0,0,BTCUSD
2019-09-24,0.0,0,BTCUSD
2019-09-25,0.0,0,BTCUSD
2019-09-26,0.0,0,BTCUSD
2019-09-27,0.0,0,BTCUSD
2019-09-28,0.0,0,BTCUSD
2019-09-29,0.0,0,BTCUSD
2019-09-30,0.0,0,BTCUSD
2019-10-01,0.0,0,BTCUSD
2019-10-02,0.0,0,BTCUSD
2019-10-03,0.0,0,BTCUSD
2019-10-04,0.0,0,BTCUSD
2019-10-05,0.0,0,BTCUSD
2019-10-06,0.0,0,BTCUSD
2019-10-07,0.0,0,BTCUSD
2019-10-08,0.0,0,BTCUSD
2019-10-09,0.0,0,BTCUSD
2019-10-10,0.0,0,BTCUSD
2019-10-11,0.0,0,BTCUSD
2019-10-12,0.0,0,BTCUSD
2019-10-13,0.0,0,BTCUSD
2019-10-14,0.0,0,BTCUSD
2019-10-15,0.0,0,BTCUSD
2019-10-16,0.0,0,BTCUSD
2019-10-17,0.0,0,BTCUSD
2019-10-18,0.0,0,BTCUSD
2019-10-19,0.0,0,BTCUSD
2019-10-20,0.0,0,BTCUSD
2019-10-21,0.0,0,BTCUSD
2019-10-22,0.0,0,BTCUSD
2019-10-23,0.0,0,BTCUSD
2019-10-24,0.0,0,BTCUSD
2019-10-25,0.0,0,BTCUSD
2019-10-26,0.0,0,BTCUSD
2019-10-27,0.0,0,BTCUSD
2019-10-28,0.0,0,BTCUSD
2019-10-29,0.0,0,BTCUSD
2019-10-30,0.0,0,BTCUSD
2019-10-31,0.0,0,BTCUSD
2019-11-01,0.0,0,BTCUSD
2019-11-02,0.0,0,BTCUSD
2019-11-03,0.0,0,BTCUSD
2019-11-04,0.0,0,BTCUSD
2019-11-05,0.0,0,BTCUSD
2019-11-06,0.0,0,BTCUSD
2019-11-07,0.0,0,BTCUSD
2019-11-08,0.0,0,BTCUSD
2019-11-09,0.0,0,BTCUSD
2019-11-10,0.0,0,BTCUSD
2019-11-11,0.0,0,BTCUSD
2019-11-12,0.0,0,BTCUSD
2019-11-13,0.0,0,BTCUSD
2019-11-14,0.0,0,BTCUSD
2019-11-15,0.0,0,BTCUSD
2019-11-16,0.0,0,BTCUSD
2019-11-17,0.0,0,BTCUSD
2019-11-18,0.0,0,BTCUSD
2019-11-19,0.0,0,BTCUSD
2019-11-20,0.0,0,BTCUSD
2019-11-21,0.0,0,BTCUSD
2019-11-22,0.0,0,BTCUSD
2019-11-23,0.0,0,BTCUSD
2019-11-24,0.0,0,BTCUSD
2019-11-25,0.0,0,BTCUSD
2019-11-26,0.0,0,BTCUSD
2019-11-27,0.0,0,BTCUSD
2019-11-28,0.0,0,BTCUSD
2019-11-29,0.0,0,BTCUSD
2019-11-30,0.0,0,BTCUSD
2019-12-01,0.0,0,BTCUSD
2019-12-02,0.0,0,BTCUSD
2019-12-03,0.0,0,BTCUSD
2019-12-04,0.0,0,BTCUSD
2019-12-05,0.0,0,BTCUSD
2019-12-06,0.0,0,BTCUSD
2019-12-07,0.0,0,BTCUSD
2019-12-08,0.0,0,BTCUSD
2019-12-09,0.0,0,BTCUSD
2019-12-10,0.0,0,BTCUSD
2019-12-11,0.0,0,BTCUSD
2019-12-12,0.0,0,BTCUSD
2019-12-13,0.0,0,BTCUSD
2019-12-14,0.0,0,BTCUSD
2019-12-15,0.0,0,BTCUSD
2019-12-16,0.0,0,BTCUSD
2019-12-17,0.0,0,BTCUSD
2019-12-18,0.0,0,BTCUSD
2019-12-19,0.0,0,BTCUSD
2019-12-20,0.0,0,BTCUSD
2019-12-21,0.0,0,BTCUSD
2019-12-22,0.0,0,BTCUSD
2019-12-23,0.0,0,BTCUSD
2019-12-24,0.0,0,BTCUSD
2019-12-25,0.0,0,BTCUSD
2019-12-26,0.0,0,BTCUSD
2019-12-27,0.0,0,BTCUSD
2019-12-28,0.0,0,BTCUSD
2019-12-29,0.0,0,BTCUSD
2019-12-30,0.0,0,BTCUSD
2019-12-31,0.0,0,BTCUSD
2020-01-01,0.0,0,BTCUSD
2020-01-02,0.0,0,BTCUSD
2020-01-03,0.0,0,BTCUSD
2020-01-04,0.0,0,BTCUSD
2020-01-05,0.0,0,BTCUSD
2020-01-06,0.0,0,BTCUSD
2020-01-07,0.0,0,BTCUSD
2020-01-08,0.0,0,BTCUSD
2020-01-09,0.0,0,BTCUSD
2020-01-10,0.0,0,BTCUSD
2020-01-11,0.0,0,BTCUSD
2020-01-12,0.0,0,BTCUSD
2020-01-13,0.0,0,BTCUSD
2020-01-14,0.0,0,BTCUSD
2020-01-15,0.0,0,BTCUSD
2020-01-16,0.0,0,BTCUSD
2020-01-17,0.0,0,BTCUSD
2020-01-18,0.0,0,BTCUSD
2020-01-19,0.0,0,BTCUSD
2020-01-20,0.0,0,BTCUSD
2020-01-21,0.0,0,BTCUSD
2020-01-22,0.0,0,BTCUSD
2020-01-23,0.0,0,BTCUSD
2020-01-24,0.0,0,BTCUSD
2020-01-25,0.0,0,BTCUSD
2020-01-26,0.0,0,BTCUSD
2020-01-27,0.0,0,BTCUSD
2020-01-28,0.0,0,BTCUSD
2020-01-29,0.0,0,BTCUSD
2020-01-30,0.0,0,BTCUSD
2020-01-31,0.0,0,BTCUSD
2020-02-01,0.0,0,BTCUSD
2020-02-02,0.0,0,BTCUSD
2020-02-03,0.0,0,BTCUSD
2020-02-04,0.0,0,BTCUSD
2020-02-05,0.0,0,BTCUSD
2020-02-06,0.0,0,BTCUSD
2020-02-07,0.0,0,BTCUSD
2020-02-08,0.0,0,BTCUSD
2020-02-09,0.0,0,BTCUSD
2020-02-10,0.0,0,BTCUSD
2020-02-11,0.0,0,BTCUSD
2020-02-12,0.0,0,BTCUSD
2020-02-13,0.0,0,BTCUSD
2020-02-14,0.0,0,BTCUSD
2020-02-15,0.0,0,BTCUSD
2020-02-16,0.0,0,BTCUSD
2020-02-17,0.0,0,BTCUSD
2020-02-18,0.0,0,BTCUSD
2020-02-19,0.0,0,BTCUSD
2020-02-20,0.0,0,BTCUSD
2020-02-21,0.0,0,BTCUSD
2020-02-22,0.0,0,BTCUSD
2020-02-23,0.0,0,BTCUSD
2020-02-24,0.0,0,BTCUSD
2020-02-25,0.0,0,BTCUSD
2020-02-26,0.0,0,BTCUSD
2020-02-27,0.0,0,BTCUSD
2020-02-28,0.0,0,BTCUSD
2020-02-29,0.0,0,BTCUSD
2020-03-01,0.0,0,BTCUSD
2020-03-02,0.0,0,BTCUSD
2020-03-03,0.0,0,BTCUSD
2020-03-04,0.0,0,BTCUSD
2020-03-05,0.0,0,BTCUSD
2020-03-06,0.0,0,BTCUSD
2020-03-07,0.0,0,BTCUSD
2020-03-08,0.0,0,BTCUSD
2020-03-09,0.0,0,BTCUSD
2020-03-10,0.0,0,BTCUSD
2020-03-11,0.0,0,BTCUSD
2020-03-12,0.0,0,BTCUSD
2020-03-13,0.0,0,BTCUSD
2020-03-14,0.0,0,BTCUSD
2020-03-15,3473049.216,672,BTCUSD
2020-03-16,3490182.08,652,BTCUSD
2020-03-17,3460744.67,685,BTCUSD
2020-03-18,3509301.771,657,BTCUSD
2020-03-19,3518691.8000000003,650,BTCUSD
2020-03-20,3734492.9669999997,603,BTCUSD
2020-03-21,3737984.754,602,BTCUSD
2020-03-22,3739262.094,603,BTCUSD
2020-03-23,3571744.836,614,BTCUSD
2020-03-24,3890684.101,599,BTCUSD
2020-03-25,0.0,0,BTCUSD
2020-03-26,0.0,0,BTCUSD
2020-03-27,0.0,0,BTCUSD
2020-03-28,1313462.18,206,BTCUSD
2020-03-29,803229.3119999999,128,BTCUSD
2020-03-30,2551470.376,434,BTCUSD
2020-03-31,0.0,0,BTCUSD
2020-04-01,0.0,0,BTCUSD
2020-04-02,0.0,0,BTCUSD
2020-04-03,0.0,0,BTCUSD
2020-04-04,0.0,0,BTCUSD
2020-04-05,0.0,0,BTCUSD
2020-04-06,0.0,0,BTCUSD
2020-04-07,0.0,0,BTCUSD
2020-04-08,0.0,0,BTCUSD
2020-04-09,0.0,0,BTCUSD
2020-04-10,0.0,0,BTCUSD
2020-04-11,0.0,0,BTCUSD
2020-04-12,0.0,0,BTCUSD
2020-04-13,0.0,0,BTCUSD
2020-04-14,0.0,0,BTCUSD
2020-04-15,0.0,0,BTCUSD
2020-04-16,0.0,0,BTCUSD
2020-04-17,0.0,0,BTCUSD
2020-04-18,0.0,0,BTCUSD
2020-04-19,0.0,0,BTCUSD
2020-04-20,0.0,0,BTCUSD
2020-04-21,0.0,0,BTCUSD
2020-04-22,0.0,0,BTCUSD
2020-04-23,0.0,0,BTCUSD
2020-04-24,0.0,0,BTCUSD
2020-04-25,0.0,0,BTCUSD
